Data|Início vigência|Fim vigência|Tipo|Aditivo|Contratado|Valor (R$)|Número de anexos|
02/01/2019|02/01/2019|31/12/2019|Contrato original|ANA PETROLEO LTDA|89.280,00|0|
02/01/2019|02/01/2019|31/12/2019|Contrato original|ANA PETROLEO LTDA|42.870,00|0|
02/01/2019|02/01/2019|31/12/2019|Contrato original|ANA PETROLEO LTDA|42.870,00|0|
02/01/2019|02/01/2019|31/12/2019|Contrato original|ANA PETROLEO LTDA|21.197,00|0|
02/01/2019|02/01/2019|31/12/2019|Contrato original|POSTO E TRANSPORTADORA DOTH LTDA|281.400,00|0|
02/01/2019|02/01/2019|31/12/2019|Contrato original|POSTO E TRANSPORTADORA DOTH LTDA|88.200,00|0|
02/01/2019|02/01/2019|31/12/2019|Contrato original|POSTO E TRANSPORTADORA DOTH LTDA|54.270,00|0|
02/01/2019|02/01/2019|31/12/2019|Contrato original|FORTE CONSTRUÇÕES LTDA|100.000,00|0|
02/01/2019|02/01/2019|31/12/2019|Contrato original|POSTO E TRANSPORTADORA DOTH LTDA|315.600,00|0|
02/01/2019|02/01/2019|31/12/2019|Contrato original|POSTO E TRANSPORTADORA DOTH LTDA|44.220,00|0|
02/01/2019|02/01/2019|31/12/2019|Contrato original|POSTO E TRANSPORTADORA DOTH LTDA|26.550,00|0|
02/01/2019|02/01/2019|31/12/2019|Contrato original|POSTO E TRANSPORTADORA DOTH LTDA|52.800,00|0|
02/01/2019|02/01/2019|31/12/2019|Contrato original|POSTO E TRANSPORTADORA DOTH LTDA|26.550,00|0|
02/01/2019|02/01/2019|31/12/2019|Contrato original|POSTO E TRANSPORTADORA DOTH LTDA|355.332,00|0|
02/01/2019|02/01/2019|31/12/2019|Contrato original|ANA PETROLEO LTDA|47.240,00|0|
02/01/2019|02/01/2019|31/12/2019|Contrato original|ANA PETROLEO LTDA|21.020,00|0|
02/01/2019|02/01/2019|31/12/2019|Contrato original|ANA PETROLEO LTDA|116.330,00|0|
02/01/2019|02/01/2019|31/12/2019|Contrato original|ANA PETROLEO LTDA|675.276,00|0|
02/01/2019|02/01/2019|31/12/2019|Contrato original|ANA PETROLEO LTDA|19.665,00|0|
02/01/2019|02/01/2019|31/12/2019|Contrato original|ANA PETROLEO LTDA|85.740,00|0|
03/01/2019|03/01/2019|31/12/2019|Contrato original|ZERO OITO CINCO COMUNICAÇÃO LTDA-EPP|180.000,00|0|
03/01/2019|03/01/2019|31/12/2019|Contrato original|FORTALMED EQUIPAMENTOS HOSPITALARES LTDA|469.835,83|0|
03/01/2019|03/01/2019|31/12/2019|Contrato original|MEDMAIA COMERCIO DE PRODUTOS MEDICO LTDA - ME|2.873.192,05|0|
03/01/2019|03/01/2019|31/12/2019|Contrato original|REGIFARMA-COMERCIO VAREJISTA DE MEDICAMENTOS LTDA|159.738,00|0|
03/01/2019|03/01/2019|31/12/2019|Contrato original|PATRICIA LAGES VERAS NORMANDO-ME|52.101,00|0|
03/01/2019|03/01/2019|31/12/2019|Contrato original|PANORAMA - COM. DE PRODUTOS MÉDICOS E FARMACÊUTICOS LTDA|384.999,70|0|
03/01/2019|03/01/2019|31/12/2019|Contrato original|HIFARMA COMERCIO E REPRESENTAÇÃO LTDA|503.748,70|0|
03/01/2019|03/01/2019|31/12/2019|Contrato original|ZERO OITO CINCO COMUNICAÇÃO LTDA-EPP|210.000,00|0|
03/01/2019|03/01/2019|31/12/2019|Contrato original|ZERO OITO CINCO COMUNICAÇÃO LTDA-EPP|210.000,00|0|
03/01/2019|03/01/2019|31/12/2019|Contrato original|PROHOSPITAL COMERCIO REPRESENTACOES HOLANDA LTDA.|108.802,64|0|
03/01/2019|03/01/2019|31/12/2019|Contrato original|PROHOSPITAL COMERCIO REPRESENTACOES HOLANDA LTDA.|885.849,87|0|
03/01/2019|03/01/2019|31/12/2019|Aditivo de aumento de valor|Aditivo 1|POSTO E TRANSPORTADORA DOTH LTDA|23.500,00|0|
03/01/2019|03/01/2019|31/12/2019|Contrato original|GLEISON MARQUES DA SILVA - ME|7.200,00|0|
03/01/2019|03/01/2019|31/12/2019|Aditivo de aumento de valor|Aditivo 1|POSTO E TRANSPORTADORA DOTH LTDA|3.950,00|0|
03/01/2019|03/01/2019|31/12/2019|Aditivo de aumento de valor|Aditivo 1|POSTO E TRANSPORTADORA DOTH LTDA|4.150,00|0|
03/01/2019|03/01/2019|31/12/2019|Aditivo de aumento de valor|Aditivo 1|POSTO E TRANSPORTADORA DOTH LTDA|7.150,00|0|
03/01/2019|03/01/2019|31/12/2019|Aditivo de aumento de valor|Aditivo 1|POSTO E TRANSPORTADORA DOTH LTDA|3.715,00|0|
03/01/2019|03/01/2019|31/12/2019|Aditivo de aumento de valor|Aditivo 1|POSTO E TRANSPORTADORA DOTH LTDA|2.250,00|0|
03/01/2019|03/01/2019|31/12/2019|Aditivo de aumento de valor|Aditivo 1|POSTO E TRANSPORTADORA DOTH LTDA|21.900,00|0|
03/01/2019|03/01/2019|31/12/2019|Aditivo de aumento de valor|Aditivo 1|POSTO E TRANSPORTADORA DOTH LTDA|2.250,00|0|
03/01/2019|03/01/2019|31/12/2019|Aditivo de aumento de valor|Aditivo 1|POSTO E TRANSPORTADORA DOTH LTDA|28.490,00|0|
03/01/2019|03/01/2019|04/07/2019|Aditivo de alteração|Aditivo 3|BRASLIMP TRANSPORTES ESPECIALIZADOS LTDA|0,00|0|
03/01/2019|03/01/2019|03/07/2019|Contrato original|TECITURA INDÚSTRIA E COMERCIO DE CONFECÇÕES LTDA-ME|84.000,00|0|
03/01/2019|03/01/2019|31/12/2019|Contrato original|ROCELIO LIMA PEIXOTO - MEI|600.000,00|0|
03/01/2019|03/01/2019|31/12/2019|Contrato original|EQUIPOS MEDICOS COMERCIO E REPRESENTACAO LTDA|466.340,50|0|
04/01/2019|04/01/2019|31/12/2019|Contrato original|SANIQ LOCAÇÃO DE BANHEIROS QUÍMICOS E TOLDOS LTDA-ME.|16.764,93|0|
04/01/2019|04/01/2019|31/12/2019|Contrato original|FORTE CONSTRUÇÕES LTDA|570.000,00|0|
04/01/2019|04/01/2019|31/12/2019|Contrato original|FORTE CONSTRUÇÕES LTDA|1.290.000,00|0|
04/01/2019|04/01/2019|04/07/2019|Aditivo de aumento de valor|Aditivo 4|BRASLIMP TRANSPORTES ESPECIALIZADOS LTDA|1.718.255,30|0|
04/01/2019|04/01/2019|31/12/2019|Contrato original|FORTE CONSTRUÇÕES LTDA|310.000,00|0|
07/01/2019|07/01/2019|31/12/2019|Contrato original|HIFARMA COMERCIO E REPRESENTAÇÃO LTDA|54.000,00|0|
07/01/2019|07/01/2019|31/12/2019|Contrato original|ESAGEM-ESCRITÓRIO DE APOIO A GESTÃO MUNICIPAL LTDA|66.000,00|0|
07/01/2019|07/01/2019|31/12/2019|Contrato original|COMERCIAL ARRAIS LEMOS LTDA|53.430,00|0|
07/01/2019|07/01/2019|07/01/2020|Contrato original|ANGELA MARIA DA SILVA NASCIMENTO|6.000,00|0|
07/01/2019|07/01/2019|31/12/2019|Contrato original|ESAGEM-ESCRITÓRIO DE APOIO A GESTÃO MUNICIPAL LTDA|66.000,00|0|
07/01/2019|07/01/2019|31/12/2019|Contrato original|ESAGEM-ESCRITÓRIO DE APOIO A GESTÃO MUNICIPAL LTDA|66.000,00|0|
07/01/2019|07/01/2019|31/12/2019|Contrato original|ESAGEM-ESCRITÓRIO DE APOIO A GESTÃO MUNICIPAL LTDA|66.000,00|0|
07/01/2019|07/01/2019|31/12/2019|Contrato original|ESAGEM-ESCRITÓRIO DE APOIO A GESTÃO MUNICIPAL LTDA|66.000,00|0|
07/01/2019|07/01/2019|31/12/2019|Contrato original|G DE OLIVEIRA GILO|410,00|0|
08/01/2019|08/01/2019|31/12/2019|Contrato original|CASABLANCA TURISMO E VIAGENS LTDA.|144.000,00|0|
08/01/2019|08/01/2019|31/12/2019|Contrato original|PELICAN PARTICIPAÇÕESS LTDA-ME|380.277,60|0|
08/01/2019|08/01/2019|31/12/2019|Contrato original|H. F. ROCHA DO VALE EMPREENDIMENTOS - ME|1.160.553,20|0|
08/01/2019|08/01/2019|31/12/2019|Contrato original|L DE FATIMA RODRIGUES NOGUEIRA DO VALE COMERCIAL DE OXIGENIO|118.672,00|0|
09/01/2019|09/01/2019|31/03/2019|Contrato original|SOL PRODUÇÃO E ADMINISTRAÇÃO ARTISTICA LTDA|150.000,00|0|
09/01/2019|09/01/2019|31/03/2019|Contrato original|US MADUREIRA PRODUÇÕES ARTISTICAS LTDA|75.000,00|0|
10/01/2019|10/01/2019|31/12/2019|Contrato original|M & B CONSULTORIA, ASSESSORIA E AUDITORIA EM LICITAÇÕES - ME|72.000,00|0|
10/01/2019|10/01/2019|31/12/2019|Contrato original|F. PEREIRA BARRETO - ME|31.390,00|0|
10/01/2019|10/01/2019|31/12/2019|Contrato original|MERCEDES-BENZ DO BRASIL LTDA.|226.550,00|0|
10/01/2019|10/01/2019|31/12/2019|Contrato original|BRUNO DE OLIVEIRA SILVA|6.840,00|0|
10/01/2019|10/01/2019|31/03/2019|Contrato original|HN PRODUÇÃO ARTISTICA EIRELI - ME|65.000,00|0|
10/01/2019|10/01/2019|31/12/2019|Contrato original|M & B CONSULTORIA, ASSESSORIA E AUDITORIA EM LICITAÇÕES - ME|72.000,00|0|
10/01/2019|10/01/2019|31/12/2019|Contrato original|F. PEREIRA BARRETO - ME|35.590,00|0|
10/01/2019|10/01/2019|31/03/2019|Contrato original|LUAN PROMOCOES E EVENTOS LTDA|180.000,00|0|
10/01/2019|10/01/2019|31/12/2019|Contrato original|M & B CONSULTORIA, ASSESSORIA E AUDITORIA EM LICITAÇÕES - ME|51.600,00|0|
10/01/2019|10/01/2019|31/12/2019|Contrato original|M & B CONSULTORIA, ASSESSORIA E AUDITORIA EM LICITAÇÕES - ME|63.600,00|0|
10/01/2019|10/01/2019|31/12/2019|Contrato original|M & B CONSULTORIA, ASSESSORIA E AUDITORIA EM LICITAÇÕES - ME|1.500,00|0|
10/01/2019|10/01/2019|31/12/2019|Contrato original|M & B CONSULTORIA, ASSESSORIA E AUDITORIA EM LICITAÇÕES - ME|54.000,00|0|
14/01/2019|21/01/2019|19/07/2019|Aditivo de duração|Aditivo 1|A AMARO F DA SILVA|12.600,00|0|
15/01/2019|15/01/2019|15/02/2020|Contrato original|CONSTRUTORA ASTRAL LTDA|1.622.558,98|0|
15/01/2019|15/01/2019|31/12/2019|Contrato original|D K MONTEIRO COELHO PRODUÇÕES EVENTOS EIRELI - ME|73.375,00|0|
15/01/2019|15/01/2019|31/03/2019|Contrato original|F. PRODUÇÕES MUSICAIS LTDA - ME|65.000,00|0|
15/01/2019|15/01/2019|31/12/2019|Contrato original|H. F. ROCHA DO VALE EMPREENDIMENTOS - ME|128.875,50|0|
15/01/2019|21/01/2019|21/07/2019|Aditivo de duração|Aditivo 2|CONSTRAM CONSTRUÇÕES E ALUGUEIS DE MAQUINAS LTDA|981.162,34|0|
15/01/2019|15/01/2019|31/12/2019|Contrato original|ROCELIO LIMA PEIXOTO - MEI|150.000,00|0|
15/01/2019|15/01/2019|31/12/2019|Contrato original|SANIQ LOCAÇÃO DE BANHEIROS QUÍMICOS E TOLDOS LTDA-ME.|2.437,40|0|
15/01/2019|15/01/2019|31/12/2019|Contrato original|H. F. ROCHA DO VALE EMPREENDIMENTOS - ME|129.035,00|0|
15/01/2019|15/01/2019|31/12/2019|Contrato original|SANIQ LOCAÇÃO DE BANHEIROS QUÍMICOS E TOLDOS LTDA-ME.|2.437,40|0|
15/01/2019|15/01/2019|31/12/2019|Contrato original|D K MONTEIRO COELHO PRODUÇÕES EVENTOS EIRELI - ME|50.769,00|0|
15/01/2019|15/01/2019|31/12/2019|Contrato original|D K MONTEIRO COELHO PRODUÇÕES EVENTOS EIRELI - ME|350.798,00|0|
17/01/2019|17/01/2019|31/12/2019|Contrato original|PRONTA RESPOSTA SERVIÇOS DE SEGURANÇA EIRELI - ME|714.907,44|0|
17/01/2019|18/01/2019|01/02/2019|Aditivo de redução de valor|Aditivo 2|CONSTRAM CONSTRUÇÕES E ALUGUEIS DE MAQUINAS LTDA|10.503,05|0|
17/01/2019|17/01/2019|15/04/2019|Aditivo de aumento de valor|Aditivo 2|CONSTRUTORA SUASSUNA & MARTINS LTDA - EPP|34.517,48|0|
18/01/2019|18/01/2019|18/06/2019|Aditivo de duração|Aditivo 2|CONSTRUTORA SUASSUNA & MARTINS LTDA - EPP|18.654,30|0|
18/01/2019|20/01/2019|20/06/2019|Aditivo de duração|Aditivo 2|RS ENGENHARIA LTDA|431.012,47|0|
18/01/2019|20/01/2019|18/06/2019|Aditivo de duração|Aditivo 2|RS ENGENHARIA LTDA|82.601,64|0|
18/01/2019|18/01/2019|01/02/2019|Aditivo de aumento de valor|Aditivo 3|CONSTRAM CONSTRUÇÕES E ALUGUEIS DE MAQUINAS LTDA|112.218,24|0|
22/01/2019|22/01/2019|31/12/2019|Contrato original|IDEATECH:PESQUISA, DESENVOLVIMENTO, INDUSTRIA E COMERCIO ME|236.395,17|0|
23/01/2019|23/01/2019|31/12/2019|Contrato original|COLINAS CONSTRUÇÕES, TRANSPORTES E SERVIÇOS LTDA - ME|1.971.160,00|0|
23/01/2019|23/01/2019|31/12/2019|Contrato original|K3 LOCAÇÕES E TRANSPORTES EIRELI|2.409.950,00|0|
23/01/2019|23/01/2019|31/12/2019|Contrato original|HF PNEUS EIRELI|130.635,00|0|
23/01/2019|23/01/2019|31/12/2019|Contrato original|HF PNEUS EIRELI|117.250,00|0|
23/01/2019|23/01/2019|31/12/2019|Contrato original|HF PNEUS EIRELI|5.395,00|0|
23/01/2019|23/01/2019|31/12/2019|Contrato original|HF PNEUS EIRELI|13.336,00|0|
23/01/2019|23/01/2019|31/12/2019|Contrato original|HF PNEUS EIRELI|396.860,00|0|
24/01/2019|24/01/2019|31/12/2019|Contrato original|HF PNEUS EIRELI|11.500,00|0|
24/01/2019|24/01/2019|31/12/2019|Contrato original|IRMÃOS MASOTTI COMÉRCIO DE MÓVEIS EIRELI|103.542,00|0|
24/01/2019|24/01/2019|31/12/2019|Contrato original|HF PNEUS EIRELI|33.880,00|0|
24/01/2019|24/01/2019|31/12/2019|Aditivo de aumento de valor|Aditivo 1|COLINAS CONSTRUÇÕES, TRANSPORTES E SERVIÇOS LTDA - ME|118.860,00|0|
24/01/2019|24/01/2019|31/12/2019|Aditivo de redução de valor|Aditivo 1|K3 LOCAÇÕES E TRANSPORTES EIRELI|125.952,00|0|
24/01/2019|24/01/2019|31/12/2019|Aditivo de aumento de valor|Aditivo 2|K3 LOCAÇÕES E TRANSPORTES EIRELI|355.928,00|0|
25/01/2019|25/01/2019|31/12/2019|Contrato original|CEARA DIESEL S/A|573.750,00|0|
25/01/2019|25/01/2019|25/01/2020|Contrato original|ASSOCIAÇÃO BENEFICENTE DA GRUTA N.S. DE LOURDES|13.200,00|0|
25/01/2019|25/01/2019|21/07/2019|Aditivo de redução de valor|Aditivo 3|CONSTRAM CONSTRUÇÕES E ALUGUEIS DE MAQUINAS LTDA|31.868,03|0|
25/01/2019|25/01/2019|25/01/2020|Contrato original|MATEUS SOMBRA MELO|30.000,00|0|
28/01/2019|28/01/2019|28/09/2019|Aditivo de duração|Aditivo 4|CONSTRAM CONSTRUÇÕES E ALUGUEIS DE MAQUINAS LTDA|4.240.313,69|0|
28/01/2019|28/01/2019|21/07/2019|Aditivo de aumento de valor|Aditivo 4|CONSTRAM CONSTRUÇÕES E ALUGUEIS DE MAQUINAS LTDA|214.076,85|0|
28/01/2019|28/01/2019|31/12/2019|Contrato original|CASABLANCA TURISMO E VIAGENS LTDA.|80.000,00|0|
29/01/2019|29/01/2019|31/12/2019|Contrato original|G DE OLIVEIRA GILO|820,00|0|
29/01/2019|29/01/2019|31/12/2019|Contrato original|G DE OLIVEIRA GILO|369,00|0|
29/01/2019|29/01/2019|31/12/2019|Contrato original|G DE OLIVEIRA GILO|2.460,00|0|
29/01/2019|29/01/2019|31/12/2019|Contrato original|COMERCIAL ARRAIS LEMOS LTDA|975,00|0|
29/01/2019|29/01/2019|31/12/2019|Contrato original|G DE OLIVEIRA GILO|2.214,00|0|
29/01/2019|29/01/2019|31/12/2019|Contrato original|G DE OLIVEIRA GILO|3.690,00|0|
29/01/2019|29/01/2019|31/12/2019|Contrato original|G DE OLIVEIRA GILO|3.075,00|0|
29/01/2019|29/01/2019|31/12/2019|Contrato original|HF PNEUS EIRELI|4.575,00|0|
29/01/2019|29/01/2019|31/12/2019|Contrato original|F. PEREIRA BARRETO - ME|41.654,20|0|
29/01/2019|29/01/2019|31/12/2019|Contrato original|F. PEREIRA BARRETO - ME|38.924,00|0|
29/01/2019|29/01/2019|31/12/2019|Contrato original|COMERCIAL ARRAIS LEMOS LTDA|80.250,00|0|
29/01/2019|29/01/2019|31/12/2019|Contrato original|W&A SOLUÇÕES TECNOLÓGICAS LTDA-ME|13.195,00|0|
29/01/2019|29/01/2019|31/12/2019|Contrato original|COMERCIAL ARRAIS LEMOS LTDA|6.600,00|0|
29/01/2019|29/01/2019|31/12/2019|Contrato original|FRANCISCO VANILSON DA SILVA MAIA - ME|7.436,50|0|
29/01/2019|29/01/2019|31/12/2019|Contrato original|W&A SOLUÇÕES TECNOLÓGICAS LTDA-ME|5.105,00|0|
29/01/2019|29/01/2019|31/12/2019|Contrato original|FRANCISCO VANILSON DA SILVA MAIA - ME|2.342,90|0|
29/01/2019|29/01/2019|31/12/2019|Contrato original|W&A SOLUÇÕES TECNOLÓGICAS LTDA-ME|1.982,50|0|
29/01/2019|29/01/2019|31/12/2019|Contrato original|FRANCISCO VANILSON DA SILVA MAIA - ME|4.788,00|0|
30/01/2019|30/01/2019|04/07/2019|Aditivo de duração|Aditivo 2|CONSTRUTORA SUASSUNA & MARTINS LTDA - EPP|40.209,82|0|
30/01/2019|30/01/2019|31/12/2019|Contrato original|G DE OLIVEIRA GILO|4.378,80|0|
30/01/2019|30/01/2019|31/03/2019|Contrato original|VESTAX BRASIL EVENTOS E COMERCIO DE EQUIPAMENTOS PARA DJS LT|19.000,00|0|
30/01/2019|30/01/2019|04/07/2019|Aditivo de duração|Aditivo 2|CONSTRUTORA SUASSUNA & MARTINS LTDA - EPP|91.569,46|0|
01/02/2019|01/02/2019|31/12/2019|Contrato original|LEANDRO DE PAULA MACHADO - ME PRONDENTEC|133.100,00|0|
04/02/2019|04/02/2019|31/12/2019|Contrato original|CONDOR S/A. INDÚSTRIA QUÍMICA|68.339,45|0|
04/02/2019|04/02/2019|31/12/2019|Contrato original|GIOM COMÉRCIO E REPRESENTAÇÃO DE MÓVEIS LTDA|77.741,00|0|
05/02/2019|05/02/2019|31/12/2019|Contrato original|HF PNEUS EIRELI|14.520,00|0|
06/02/2019|06/02/2019|31/12/2019|Contrato original|PROSAÚDE MATERIAL MÉDICO HOSPITALAR EIRELI|63.400,00|0|
07/02/2019|12/02/2019|12/07/2019|Aditivo de duração|Aditivo 2|HENCLA CONSTRUCOES LTDA|0,01|0|
07/02/2019|07/02/2019|31/12/2019|Contrato original|VECO-BR INDUS, COMER, EXPOR, E IMPOR, DE PARQUES INF. E IMOB|153.500,00|0|
07/02/2019|12/02/2019|12/10/2019|Aditivo de duração|Aditivo 2|HENCLA CONSTRUCOES LTDA|0,01|0|
07/02/2019|07/02/2019|31/12/2019|Contrato original|VECO-BR INDUS, COMER, EXPOR, E IMPOR, DE PARQUES INF. E IMOB|481.920,00|0|
07/02/2019|07/02/2019|31/12/2019|Contrato original|W&A SOLUÇÕES TECNOLÓGICAS LTDA-ME|8.295,00|0|
07/02/2019|07/02/2019|03/03/2020|Contrato original|PRIME EMPREENDIMENTOS INCORPORADORA E SERVIÇOS LTDA|74.292,22|0|
07/02/2019|07/02/2019|31/12/2019|Contrato original|ASA TRANSPORTE CONTRUÇÕES E SERVIÇOS EIRELI-ME|584.336,78|0|
07/02/2019|12/02/2019|12/10/2019|Aditivo de duração|Aditivo 2|HENCLA CONSTRUCOES LTDA|0,01|0|
08/02/2019|08/02/2019|31/03/2019|Contrato original|LM&G PROMOCOES E PRODUÇÕES LTDA-ME|60.000,00|0|
08/02/2019|08/02/2019|31/03/2019|Contrato original|RF COMUNICAÇÃO E PROMOÇÃO LTDA|60.000,00|0|
08/02/2019|08/02/2019|31/03/2019|Contrato original|FASE PRODUÇÕES E EVENTOS LTDA - ME|70.000,00|0|
08/02/2019|08/02/2019|31/03/2019|Contrato original|APJW SHOWS LTDA|110.000,00|0|
11/02/2019|11/02/2019|31/12/2019|Contrato original|RS ENGENHARIA LTDA|1.044.512,40|0|
12/02/2019|12/02/2019|31/12/2019|Contrato original|BHIO SUPPLY INDÚSTRIA E COMÉRCIO DE EQUIPAMENTOS MÉDICOS|258.000,00|0|
12/02/2019|12/02/2019|31/12/2019|Contrato original|DEBORA CRISTHIANNE RODRIGUES DE ASSIS - ME|68.449,60|0|
12/02/2019|12/02/2019|31/12/2019|Contrato original|GONÇALVES LOCAÇÃO, CONSTRUÇÃO E ELETRIFICAÇÃO EIRELI-ME|14.550,00|0|
13/02/2019|13/02/2019|28/02/2019|Aditivo de redução de valor|Aditivo 3|R MEIRA ENGENHARIA EIRELI|33.199,64|0|
14/02/2019|14/02/2019|31/12/2019|Aditivo de aumento de valor|Aditivo 1|ANA PETROLEO LTDA|13.233,00|0|
14/02/2019|14/02/2019|31/12/2019|Aditivo de aumento de valor|Aditivo 1|ANA PETROLEO LTDA|1.980,00|0|
14/02/2019|14/02/2019|31/12/2019|Aditivo de aumento de valor|Aditivo 1|ANA PETROLEO LTDA|1.980,00|0|
14/02/2019|14/02/2019|31/12/2019|Aditivo de aumento de valor|Aditivo 1|ANA PETROLEO LTDA|990,00|0|
14/02/2019|14/02/2019|31/03/2019|Contrato original|ESTRELAR PRODUÇÕES E SERVIÇOS EIRELI - ME|60.000,00|0|
14/02/2019|14/02/2019|31/12/2019|Contrato original|GIOM COMÉRCIO E REPRESENTAÇÃO DE MÓVEIS LTDA|101.947,00|0|
14/02/2019|14/02/2019|28/02/2019|Aditivo de aumento de valor|Aditivo 4|R MEIRA ENGENHARIA EIRELI|51.971,17|0|
14/02/2019|14/02/2019|31/12/2019|Aditivo de aumento de valor|Aditivo 1|ANA PETROLEO LTDA|440,00|0|
14/02/2019|14/02/2019|31/12/2019|Aditivo de aumento de valor|Aditivo 1|ANA PETROLEO LTDA|990,00|0|
14/02/2019|14/02/2019|31/12/2019|Aditivo de aumento de valor|Aditivo 1|ANA PETROLEO LTDA|1.100,00|0|
14/02/2019|14/02/2019|31/12/2019|Aditivo de aumento de valor|Aditivo 1|ANA PETROLEO LTDA|440,00|0|
14/02/2019|14/02/2019|31/12/2019|Aditivo de aumento de valor|Aditivo 1|ANA PETROLEO LTDA|2.750,00|0|
14/02/2019|14/02/2019|31/12/2019|Aditivo de aumento de valor|Aditivo 1|ANA PETROLEO LTDA|495,00|0|
15/02/2019|15/02/2019|15/11/2019|Aditivo de duração|Aditivo 5|R MEIRA ENGENHARIA EIRELI|0,01|0|
15/02/2019|15/02/2019|31/12/2019|Contrato original|DLA COMERCIAL DE ALIMENTOS EIRELI|95,91|0|
15/02/2019|15/02/2019|09/08/2019|Aditivo de aumento de valor|Aditivo 2|AGIL COMUNICAÇÃO E MARKETING LTDA|250.000,00|0|
15/02/2019|15/02/2019|31/12/2019|Contrato original|SOL NASCENTE COMÉRCIO DE ALIMENTOS LTDA|922,50|0|
15/02/2019|15/02/2019|31/12/2019|Aditivo de aumento de quantidade|Aditivo 1|L DE FATIMA RODRIGUES NOGUEIRA DO VALE COMERCIAL DE OXIGENIO|28.650,40|0|
15/02/2019|15/02/2019|31/12/2019|Aditivo de aumento de quantidade|Aditivo 1|D K MONTEIRO COELHO PRODUÇÕES EVENTOS EIRELI - ME|73.077,00|0|
15/02/2019|15/02/2019|31/12/2019|Aditivo de aumento de quantidade|Aditivo 1|H. F. ROCHA DO VALE EMPREENDIMENTOS - ME|259.878,10|0|
15/02/2019|15/02/2019|31/12/2019|Contrato original|FRANCISCO RENE MEDEIROS DE MORAIS|275,16|0|
15/02/2019|15/02/2019|31/12/2019|Contrato original|F. PEREIRA BARRETO - ME|131.229,00|0|
19/02/2019|19/02/2019|31/12/2019|Contrato original|F. PEREIRA BARRETO - ME|40.808,20|0|
19/02/2019|19/02/2019|31/12/2019|Contrato original|F. PEREIRA BARRETO - ME|40.741,80|0|
19/02/2019|19/02/2019|31/12/2019|Contrato original|H. F. ROCHA DO VALE EMPREENDIMENTOS - ME|121.250,00|0|
20/02/2019|20/02/2019|31/12/2019|Contrato original|SOL NASCENTE COMÉRCIO DE ALIMENTOS LTDA|30.574,54|0|
20/02/2019|20/02/2019|31/12/2019|Contrato original|DLA COMERCIAL DE ALIMENTOS EIRELI|32.735,52|0|
20/02/2019|20/02/2019|31/12/2019|Contrato original|ROBSON MARCIO GOMES ROQUE - ME|75.000,00|0|
20/02/2019|20/02/2019|31/12/2019|Contrato original|FRANCISCO RENE MEDEIROS DE MORAIS|3.117,32|0|
21/02/2019|21/02/2019|31/12/2019|Contrato original|PCG - COMÉRCIO, LOCAÇÕES E SERVIÇOS EIRELI-ME|1.385.000,00|0|
21/02/2019|21/02/2019|12/07/2019|Aditivo de aumento de valor|Aditivo 3|HENCLA CONSTRUCOES LTDA|53.777,71|0|
22/02/2019|22/02/2019|22/04/2019|Aditivo de duração|Aditivo 8|FRANCISCO AUDISIO SOARES FERREIRA|3.000,00|0|
22/02/2019|22/02/2019|31/12/2019|Contrato original|CITELUZ SERVIÇO DE ILUMINAÇÃO URBANA S/A|1.122.533,77|0|
22/02/2019|22/02/2019|22/04/2019|Aditivo de duração|Aditivo 8|PAZ E BEM EMPREENDIMENTOS IMOBILIÁRIOS EIRELI-EPP|2.720,00|0|
22/02/2019|28/02/2019|28/06/2019|Aditivo de duração|Aditivo 3|ADALBERTO  GURGEL COSTA LIMA|3.583,60|0|
22/02/2019|22/02/2019|22/04/2019|Aditivo de duração|Aditivo 8|EDUARDO RIBEIRO LIMA|3.000,00|0|
22/02/2019|22/02/2019|22/07/2019|Aditivo de duração|Aditivo 7|LOMACON LOCAÇÃO E CONSTRUÇÃO LTDA|7.720.869,70|0|
22/02/2019|22/02/2019|31/12/2019|Contrato original|CMN CONTRUÇÕES, LOCAÇÕES E EVENTOS EIRELLI-ME|1.388.872,00|0|
25/02/2019|25/02/2019|25/02/2020|Contrato original|MARCELO ENGENHARIA LTDA-ME|26.400,00|0|
25/02/2019|25/02/2019|31/03/2019|Contrato original|PAZ & BEM EDIÇÕES MUSICAIS LTDA|250.000,00|0|
25/02/2019|25/02/2019|25/02/2020|Contrato original|MOIZES TORRES BANDEIRA|6.000,00|0|
26/02/2019|26/02/2019|31/03/2019|Contrato original|F. PRODUÇÕES MUSICAIS LTDA - ME|50.000,00|0|
26/02/2019|26/02/2019|31/12/2019|Contrato original|D K MONTEIRO COELHO PRODUÇÕES EVENTOS EIRELI - ME|31.679,00|0|
26/02/2019|26/02/2019|31/12/2019|Contrato original|F. PEREIRA BARRETO - ME|16.600,00|0|
26/02/2019|26/02/2019|31/12/2019|Contrato original|COMERCIAL ARRAIS LEMOS LTDA|2.700,00|0|
26/02/2019|26/02/2019|31/12/2019|Contrato original|H. F. ROCHA DO VALE EMPREENDIMENTOS - ME|123.365,00|0|
26/02/2019|26/02/2019|31/12/2019|Contrato original|H. F. ROCHA DO VALE EMPREENDIMENTOS - ME|54.075,00|0|
26/02/2019|28/02/2019|28/09/2019|Aditivo de duração|Aditivo 3|MARIA DAS GRAÇAS VALENTE DA SILVA|2.951,20|0|
27/02/2019|27/02/2019|27/06/2020|Contrato original|RS ENGENHARIA LTDA|1.428.717,33|0|
27/02/2019|27/02/2019|31/03/2019|Contrato original|SALVADOR PRODUÇÕES ARTISTICAS E ENTRETENIMENTOS LTDA - ME|200.000,00|0|
27/02/2019|28/02/2019|28/09/2019|Aditivo de duração|Aditivo 3|ESPÓLIO RÉGIS BERNARDO DE SOUZA|16.120,93|0|
27/02/2019|28/02/2019|28/09/2019|Aditivo de duração|Aditivo 3|MARIA IVONETE DUARTE DA SILVA|25.823,00|0|
27/02/2019|27/02/2019|31/12/2019|Contrato original|FRANCISCO GUTEMBERG SILVA GOMES - ME|774.738,00|0|
28/02/2019|28/02/2019|31/12/2019|Contrato original|ROCELIO LIMA PEIXOTO - MEI|125.000,00|0|
28/02/2019|01/03/2019|30/04/2019|Aditivo de duração|Aditivo 3|BRASEL TRANSPORTES E LOCAÇÕES DE VEÍCULOS LTDA|236.460,00|0|
28/02/2019|01/03/2019|30/04/2019|Aditivo de duração|Aditivo 3|BRASEL TRANSPORTES E LOCAÇÕES DE VEÍCULOS LTDA|24.950,00|0|
28/02/2019|01/03/2019|30/04/2019|Aditivo de duração|Aditivo 2|BRASEL TRANSPORTES E LOCAÇÕES DE VEÍCULOS LTDA|8.970,00|0|
07/03/2019|07/03/2019|01/01/2020|Contrato original|NABLA CONSTRUÇÕES LTDA|2.520.590,82|0|
07/03/2019|07/03/2019|01/01/2020|Contrato original|CONCORDIA CONSTRUÇÕES LTDA|959.968,08|0|
07/03/2019|07/03/2019|31/12/2019|Aditivo de aumento de valor|Aditivo 1|ANA PETROLEO LTDA|495,00|0|
07/03/2019|07/03/2019|31/12/2019|Aditivo de aumento de valor|Aditivo 1|ANA PETROLEO LTDA|330,00|0|
07/03/2019|07/03/2019|31/12/2019|Contrato original|ANA PETROLEO LTDA|14.880,00|0|
07/03/2019|07/03/2019|31/12/2019|Contrato original|ANA PETROLEO LTDA|23.205,00|0|
08/03/2019|08/03/2019|31/12/2019|Contrato original|T SOARES RODRIGUES COMERCIO VAREJISTA|522.426,63|0|
08/03/2019|08/03/2019|31/12/2019|Contrato original|PATRICIA LAGES VERAS NORMANDO-ME|97.497,60|0|
08/03/2019|08/03/2019|31/12/2019|Contrato original|RICA COMERCIAL EIRELI-ME|463.672,32|0|
12/03/2019|12/03/2019|31/12/2019|Contrato original|F. PEREIRA BARRETO - ME|17.855,00|0|
12/03/2019|12/03/2019|31/12/2019|Contrato original|G DE OLIVEIRA GILO|1.025,00|0|
12/03/2019|12/03/2019|31/12/2019|Contrato original|G DE OLIVEIRA GILO|1.640,00|0|
12/03/2019|12/03/2019|31/12/2019|Contrato original|F. PEREIRA BARRETO - ME|82.680,00|0|
12/03/2019|12/03/2019|31/12/2019|Contrato original|G DE OLIVEIRA GILO|492,00|0|
12/03/2019|12/03/2019|31/12/2019|Contrato original|G DE OLIVEIRA GILO|1.435,00|0|
12/03/2019|12/03/2019|31/12/2019|Contrato original|G DE OLIVEIRA GILO|410,00|0|
12/03/2019|12/03/2019|31/12/2019|Contrato original|G DE OLIVEIRA GILO|287,00|0|
12/03/2019|12/03/2019|31/12/2019|Contrato original|F. PEREIRA BARRETO - ME|37.745,00|0|
12/03/2019|12/03/2019|31/12/2019|Contrato original|F. PEREIRA BARRETO - ME|13.535,00|0|
12/03/2019|12/03/2019|12/11/2019|Aditivo de duração|Aditivo 1|R MEIRA ENGENHARIA EIRELI|0,03|0|
13/03/2019|13/03/2019|31/12/2019|Contrato original|LIDIANA B.DE MENEZES|155.618,00|0|
14/03/2019|15/03/2019|15/05/2019|Aditivo de duração|Aditivo 2|REGINA CLAÚDIA DA SILVA FERNANDES COSTA|4.000,00|0|
16/03/2019|18/03/2019|19/12/2019|Aditivo de duração|Aditivo 2|CONSTRUTORA SUASSUNA & MARTINS LTDA - EPP|0,01|0|
18/03/2019|18/03/2019|31/12/2019|Contrato original|ROBSON MARCIO GOMES ROQUE - ME|34.800,00|0|
18/03/2019|18/03/2019|31/12/2019|Contrato original|BONFIM  & BRECKENFELD SOCIEDADE DE ADVOGADOS|52.800,00|0|
19/03/2019|19/03/2019|31/12/2019|Contrato original|F. PEREIRA BARRETO - ME|20.040,00|0|
21/03/2019|21/03/2019|31/12/2019|Contrato original|FRANCISCO VANILSON DA SILVA MAIA - ME|9.810,81|0|
21/03/2019|21/03/2019|31/12/2019|Contrato original|FRANCISCO VANILSON DA SILVA MAIA - ME|90.991,95|0|
21/03/2019|21/03/2019|31/12/2019|Contrato original|FRANCISCO VANILSON DA SILVA MAIA - ME|24.576,65|0|
21/03/2019|21/03/2019|31/12/2019|Contrato original|FRANCISCO VANILSON DA SILVA MAIA - ME|6.074,00|0|
21/03/2019|21/03/2019|31/12/2019|Contrato original|FRANCISCO VANILSON DA SILVA MAIA - ME|5.652,00|0|
21/03/2019|21/03/2019|31/12/2019|Contrato original|FRANCISCO VANILSON DA SILVA MAIA - ME|596,50|0|
21/03/2019|21/03/2019|31/12/2019|Contrato original|FRANCISCO VANILSON DA SILVA MAIA - ME|922,70|0|
21/03/2019|21/03/2019|31/12/2019|Contrato original|FRANCISCO VANILSON DA SILVA MAIA - ME|2.512,80|0|
21/03/2019|21/03/2019|31/12/2019|Contrato original|FRANCISCO VANILSON DA SILVA MAIA - ME|242,30|0|
21/03/2019|21/03/2019|31/12/2019|Contrato original|FRANCISCO VANILSON DA SILVA MAIA - ME|5.813,45|0|
21/03/2019|21/03/2019|31/12/2019|Contrato original|FRANCISCO VANILSON DA SILVA MAIA - ME|2.946,50|0|
21/03/2019|21/03/2019|31/12/2019|Contrato original|FRANCISCO VANILSON DA SILVA MAIA - ME|1.593,20|0|
21/03/2019|21/03/2019|31/12/2019|Contrato original|FRANCISCO VANILSON DA SILVA MAIA - ME|1.018,00|0|
21/03/2019|21/03/2019|31/12/2019|Contrato original|AC COMERCIO VAREJISTA DE MATERIAL DE ESCRITORIO LTDA ME|2.124,90|0|
21/03/2019|21/03/2019|31/12/2019|Contrato original|LIDIANA B.DE MENEZES|38.098,65|0|
21/03/2019|21/03/2019|31/12/2019|Contrato original|CASA JAGUARIBE MATERIAIS DE CONSTRUÇÃO LTDA|352.017,40|0|
21/03/2019|21/03/2019|31/12/2019|Contrato original|CASA JAGUARIBE MATERIAIS DE CONSTRUÇÃO LTDA|176.008,70|0|
21/03/2019|21/03/2019|31/12/2019|Contrato original|CASA JAGUARIBE MATERIAIS DE CONSTRUÇÃO LTDA|298.790,51|0|
21/03/2019|21/03/2019|31/12/2019|Contrato original|CASA JAGUARIBE MATERIAIS DE CONSTRUÇÃO LTDA|53.226,89|0|
22/03/2019|28/03/2019|28/08/2019|Aditivo de duração|Aditivo 4|INSTITUTO WALDEMAR FALCÃO|21.080,00|0|
22/03/2019|22/03/2019|31/12/2019|Contrato original|TOP COMÉRCIO E INDUSTRIA DE CONFECÇÕES E SERV. EIRELI-EPP|11.600,00|0|
22/03/2019|22/03/2019|22/03/2020|Aditivo de duração|Aditivo 1|SÍLVIA HELENA DE OLIVEIRA DA COSTA|12.000,00|0|
22/03/2019|22/03/2019|31/12/2019|Contrato original|TOP COMÉRCIO E INDUSTRIA DE CONFECÇÕES E SERV. EIRELI-EPP|22.200,00|0|
22/03/2019|29/03/2019|29/08/2019|Aditivo de duração|Aditivo 4|CLARA NUBIA BERNARDO RIBEIRO|13.800,00|0|
26/03/2019|30/03/2019|30/08/2019|Aditivo de duração|Aditivo 2|CONSTRUTORA SUASSUNA & MARTINS LTDA - EPP|0,02|0|
26/03/2019|26/03/2019|26/01/2020|Contrato original|CONCORDIA CONSTRUÇÕES LTDA|1.597.528,22|0|
26/03/2019|26/03/2019|26/03/2020|Contrato original|SILVIO RICARDO DE SOUZA BARRETO|36.396,00|0|
26/03/2019|26/03/2019|26/01/2020|Aditivo de duração|Aditivo 3|CONSTRUTORA SUASSUNA & MARTINS LTDA - EPP|0,01|0|
26/03/2019|28/03/2019|28/03/2020|Aditivo de duração|Aditivo 1|MARIA DAS GRACAS MAIA DE OLIVEIRA|9.600,00|0|
26/03/2019|30/03/2019|30/08/2019|Aditivo de duração|Aditivo 1|CONSTRUTORA SUASSUNA & MARTINS LTDA - EPP|0,02|0|
28/03/2019|28/03/2019|31/08/2019|Aditivo de duração|Aditivo 4|MARTA SOARES BARBOSA|11.000,00|0|
01/04/2019|01/04/2019|31/12/2019|Contrato original|PRONTA RESPOSTA SERVIÇOS DE SEGURANÇA EIRELI - ME|178.726,86|0|
02/04/2019|02/04/2019|02/04/2020|Contrato original|MARIA MONTEIRO DE OLIVEIRA|7.800,00|0|
03/04/2019|04/04/2019|03/04/2020|Aditivo de duração|Aditivo 3|GTS GESTAO, TECNOLOGIA E SISTEMAS EIRELI - EPP|240.000,00|0|
04/04/2019|04/04/2019|31/12/2019|Contrato original|BRUNA INGRID TORRES ARAÚJO ME|156.200,00|0|
04/04/2019|04/04/2019|04/06/2020|Contrato original|FORTE CONSTRUÇÕES LTDA|1.333.890,04|0|
05/04/2019|05/04/2019|31/12/2019|Contrato original|V.P DA SILVA FUNERÁRIA - ME|358.300,00|0|
05/04/2019|05/04/2019|31/12/2019|Aditivo de aumento de quantidade|Aditivo 1|VECO-BR INDUS, COMER, EXPOR, E IMPOR, DE PARQUES INF. E IMOB|10.925,00|0|
05/04/2019|05/04/2019|31/12/2019|Contrato original|ANILTON RIBEIRO DE PAULA CONSTRUÇÃO|145.000,00|0|
05/04/2019|19/04/2019|19/04/2020|Aditivo de duração|Aditivo 1|MARIA AUXILIADORA MAIA DE SOUZA|12.000,00|0|
08/04/2019|10/04/2019|09/04/2020|Aditivo de duração|Aditivo 2|ASP - AUTOMAÇÃO SERVIÇOS E PROD. DE INFORMATICA LTDA|3.600,00|0|
08/04/2019|10/04/2019|09/04/2020|Aditivo de duração|Aditivo 2|ASP - AUTOMAÇÃO SERVIÇOS E PROD. DE INFORMATICA LTDA|35.880,00|0|
08/04/2019|10/04/2019|09/04/2020|Aditivo de duração|Aditivo 2|ASP - AUTOMAÇÃO SERVIÇOS E PROD. DE INFORMATICA LTDA|13.200,00|0|
08/04/2019|10/04/2019|09/04/2020|Aditivo de duração|Aditivo 2|ASP - AUTOMAÇÃO SERVIÇOS E PROD. DE INFORMATICA LTDA|26.400,00|0|
09/04/2019|09/04/2019|09/02/2020|Contrato original|LOMACON LOCAÇÃO E CONSTRUÇÃO LTDA|218.378,70|0|
09/04/2019|09/04/2019|09/07/2020|Contrato original|LOMACON LOCAÇÃO E CONSTRUÇÃO LTDA|4.653.062,13|0|
10/04/2019|10/04/2019|31/12/2019|Contrato original|AC COMERCIO VAREJISTA DE MATERIAL DE ESCRITORIO LTDA ME|2.552,62|0|
10/04/2019|10/04/2019|31/12/2019|Contrato original|VECO-BR INDUS, COMER, EXPOR, E IMPOR, DE PARQUES INF. E IMOB|649.600,00|0|
10/04/2019|10/04/2019|31/12/2019|Contrato original|VECO-BR INDUS, COMER, EXPOR, E IMPOR, DE PARQUES INF. E IMOB|962.000,00|0|
10/04/2019|10/04/2019|31/12/2019|Contrato original|AC COMERCIO VAREJISTA DE MATERIAL DE ESCRITORIO LTDA ME|18.507,40|0|
10/04/2019|10/04/2019|31/12/2019|Contrato original|AC COMERCIO VAREJISTA DE MATERIAL DE ESCRITORIO LTDA ME|19.176,67|0|
10/04/2019|10/04/2019|31/12/2019|Contrato original|AC COMERCIO VAREJISTA DE MATERIAL DE ESCRITORIO LTDA ME|23.296,31|0|
10/04/2019|10/04/2019|31/12/2019|Contrato original|AC COMERCIO VAREJISTA DE MATERIAL DE ESCRITORIO LTDA ME|31.882,39|0|
10/04/2019|10/04/2019|31/12/2019|Contrato original|AC COMERCIO VAREJISTA DE MATERIAL DE ESCRITORIO LTDA ME|6.984,00|0|
10/04/2019|10/04/2019|31/12/2019|Contrato original|AC COMERCIO VAREJISTA DE MATERIAL DE ESCRITORIO LTDA ME|7.172,81|0|
10/04/2019|10/04/2019|31/12/2019|Contrato original|AC COMERCIO VAREJISTA DE MATERIAL DE ESCRITORIO LTDA ME|46.411,37|0|
10/04/2019|10/04/2019|31/12/2019|Contrato original|AC COMERCIO VAREJISTA DE MATERIAL DE ESCRITORIO LTDA ME|4.680,33|0|
10/04/2019|10/04/2019|31/12/2019|Contrato original|AC COMERCIO VAREJISTA DE MATERIAL DE ESCRITORIO LTDA ME|46.331,30|0|
10/04/2019|10/04/2019|31/12/2019|Aditivo de aumento de valor|Aditivo 2|ANA PETROLEO LTDA|1.485,00|0|
10/04/2019|10/04/2019|31/12/2019|Aditivo de aumento de valor|Aditivo 2|ANA PETROLEO LTDA|990,00|0|
10/04/2019|10/04/2019|31/12/2019|Aditivo de aumento de valor|Aditivo 2|ANA PETROLEO LTDA|3.300,00|0|
10/04/2019|10/04/2019|31/12/2019|Aditivo de aumento de valor|Aditivo 2|ANA PETROLEO LTDA|1.320,00|0|
10/04/2019|10/04/2019|31/12/2019|Aditivo de aumento de valor|Aditivo 2|ANA PETROLEO LTDA|8.250,00|0|
10/04/2019|10/04/2019|31/12/2019|Aditivo de aumento de valor|Aditivo 2|ANA PETROLEO LTDA|39.699,00|0|
10/04/2019|10/04/2019|31/12/2019|Aditivo de aumento de valor|Aditivo 2|ANA PETROLEO LTDA|1.485,00|0|
10/04/2019|10/04/2019|31/12/2019|Aditivo de aumento de valor|Aditivo 2|ANA PETROLEO LTDA|5.940,00|0|
10/04/2019|10/04/2019|31/12/2019|Aditivo de aumento de valor|Aditivo 2|ANA PETROLEO LTDA|5.940,00|0|
10/04/2019|10/04/2019|31/12/2019|Aditivo de aumento de valor|Aditivo 2|ANA PETROLEO LTDA|2.970,00|0|
10/04/2019|10/04/2019|31/12/2019|Aditivo de aumento de valor|Aditivo 2|ANA PETROLEO LTDA|2.970,00|0|
10/04/2019|10/04/2019|31/12/2019|Aditivo de aumento de valor|Aditivo 2|ANA PETROLEO LTDA|1.320,00|0|
10/04/2019|10/04/2019|31/12/2019|Contrato original|AC COMERCIO VAREJISTA DE MATERIAL DE ESCRITORIO LTDA ME|66.798,65|0|
10/04/2019|10/04/2019|31/12/2019|Contrato original|AC COMERCIO VAREJISTA DE MATERIAL DE ESCRITORIO LTDA ME|200.637,24|0|
10/04/2019|10/04/2019|22/07/2019|Aditivo de aumento de valor|Aditivo 8|LOMACON LOCAÇÃO E CONSTRUÇÃO LTDA|467.430,09|0|
12/04/2019|12/04/2019|31/12/2019|Contrato original|H. F. ROCHA DO VALE EMPREENDIMENTOS - ME|571.387,00|0|
12/04/2019|12/04/2019|12/12/2019|Aditivo de duração|Aditivo 4|CONSTRAM CONSTRUÇÕES E ALUGUEIS DE MAQUINAS LTDA|0,01|0|
15/04/2019|15/04/2019|31/12/2019|Contrato original|H. MARTINS COMERCIO DE EQUIPAMENTOS DE SEGURANÇA LTDA|47.400,00|0|
17/04/2019|17/04/2019|31/12/2019|Contrato original|LINDON JOHNSON FERREIRA LIMA - ME|207.400,00|0|
17/04/2019|22/04/2019|22/06/2019|Aditivo de duração|Aditivo 9|PAZ E BEM EMPREENDIMENTOS IMOBILIÁRIOS EIRELI-EPP|2.720,00|0|
17/04/2019|22/04/2019|22/06/2019|Aditivo de duração|Aditivo 9|EDUARDO RIBEIRO LIMA|3.000,00|0|
17/04/2019|22/04/2019|22/06/2019|Aditivo de duração|Aditivo 9|FRANCISCO AUDISIO SOARES FERREIRA|3.000,00|0|
19/04/2019|19/04/2019|19/10/2019|Aditivo de duração|Aditivo 4|CONSTRUTORA SUASSUNA & MARTINS LTDA - EPP|0,01|0|
22/04/2019|22/04/2019|31/12/2019|Aditivo de aumento de quantidade|Aditivo 1|HIFARMA COMERCIO E REPRESENTAÇÃO LTDA|125.919,81|0|
23/04/2019|23/04/2019|23/12/2019|Contrato original|OCTHA ENGENHARIA LTDA|470.745,11|0|
23/04/2019|23/04/2019|23/12/2019|Contrato original|OCTHA ENGENHARIA LTDA|291.114,86|0|
23/04/2019|23/04/2019|23/02/2020|Contrato original|OCTHA ENGENHARIA LTDA|352.350,70|0|
23/04/2019|23/04/2019|23/12/2019|Contrato original|OCTHA ENGENHARIA LTDA|272.420,41|0|
24/04/2019|26/04/2019|26/02/2020|Aditivo de duração|Aditivo 3|R MEIRA ENGENHARIA EIRELI|0,01|0|
25/04/2019|25/04/2019|31/12/2019|Contrato original|LOCMED HOSPITALAR LTDA|224.080,00|0|
25/04/2019|25/04/2019|31/12/2019|Contrato original|ECLIPSE SERVIÇOS E LOCAÇÕES EIRELI - ME|248.400,00|0|
25/04/2019|25/04/2019|31/12/2019|Contrato original|ECLIPSE SERVIÇOS E LOCAÇÕES EIRELI - ME|54.000,00|0|
29/04/2019|29/04/2019|31/12/2019|Aditivo de aumento de valor|Aditivo 3|ANA PETROLEO LTDA|900,00|0|
29/04/2019|29/04/2019|31/12/2019|Aditivo de aumento de valor|Aditivo 3|ANA PETROLEO LTDA|450,00|0|
29/04/2019|29/04/2019|31/12/2019|Aditivo de aumento de valor|Aditivo 3|ANA PETROLEO LTDA|450,00|0|
29/04/2019|29/04/2019|29/02/2020|Contrato original|FALL CONSTRUÇÕES E SERVIÇOS LTDA ME|977.862,78|0|
29/04/2019|29/04/2019|31/12/2019|Aditivo de aumento de valor|Aditivo 3|ANA PETROLEO LTDA|472,50|0|
29/04/2019|29/04/2019|31/12/2019|Aditivo de aumento de valor|Aditivo 3|ANA PETROLEO LTDA|450,00|0|
29/04/2019|29/04/2019|31/12/2019|Aditivo de aumento de valor|Aditivo 3|ANA PETROLEO LTDA|450,00|0|
29/04/2019|29/04/2019|31/12/2019|Aditivo de aumento de valor|Aditivo 3|ANA PETROLEO LTDA|1.350,00|0|
29/04/2019|29/04/2019|31/12/2019|Aditivo de aumento de valor|Aditivo 3|ANA PETROLEO LTDA|900,00|0|
29/04/2019|29/04/2019|29/11/2019|Contrato original|FALL CONSTRUÇÕES E SERVIÇOS LTDA ME|292.209,07|0|
29/04/2019|30/04/2019|31/12/2019|Aditivo de duração|Aditivo 3|ELISJANA MAIA|30.017,92|0|
29/04/2019|29/04/2019|31/12/2019|Aditivo de aumento de valor|Aditivo 3|ANA PETROLEO LTDA|19.012,50|0|
30/04/2019|03/05/2019|03/05/2020|Aditivo de duração|Aditivo 1|CONASP CONTABILIDADE ASSESSORIA E PROCESSAMENTO S/C LTDA|60.000,00|0|
30/04/2019|30/04/2019|30/11/2019|Aditivo de duração|Aditivo 2|LOMACON LOCAÇÃO E CONSTRUÇÃO LTDA|0,01|0|
30/04/2019|01/05/2019|31/05/2019|Aditivo de duração|Aditivo 4|BRASEL TRANSPORTES E LOCAÇÕES DE VEÍCULOS LTDA|118.230,00|0|
30/04/2019|30/04/2019|14/11/2019|Aditivo de aumento de valor|Aditivo 2|CONSTRAM CONSTRUÇÕES E ALUGUEIS DE MAQUINAS LTDA|159.007,44|0|
30/04/2019|03/05/2019|03/05/2020|Aditivo de duração|Aditivo 1|CONASP CONTABILIDADE ASSESSORIA E PROCESSAMENTO S/C LTDA|174.000,00|0|
30/04/2019|03/05/2019|03/05/2020|Aditivo de duração|Aditivo 1|CONASP CONTABILIDADE ASSESSORIA E PROCESSAMENTO S/C LTDA|91.200,00|0|
30/04/2019|03/05/2019|03/05/2020|Aditivo de duração|Aditivo 1|CONASP CONTABILIDADE ASSESSORIA E PROCESSAMENTO S/C LTDA|159.600,00|0|
30/04/2019|03/05/2019|03/05/2020|Aditivo de duração|Aditivo 1|CONASP CONTABILIDADE ASSESSORIA E PROCESSAMENTO S/C LTDA|222.000,00|0|
02/05/2019|02/05/2019|31/12/2019|Contrato original|PELICAN PARTICIPAÇÕESS LTDA-ME|10.235,84|0|
02/05/2019|02/05/2019|31/12/2019|Contrato original|BIT INFORMATICA LTDA|84.000,00|0|
02/05/2019|02/05/2019|31/12/2019|Contrato original|BIT INFORMATICA LTDA|8.120,00|0|
02/05/2019|02/05/2019|31/12/2019|Contrato original|BIT INFORMATICA LTDA|1.400,00|0|
02/05/2019|02/05/2019|12/11/2019|Aditivo de aumento de valor|Aditivo 2|R MEIRA ENGENHARIA EIRELI|75.567,61|0|
06/05/2019|06/05/2019|31/12/2019|Contrato original|M G MESQUITA SALDANHA|896.125,00|0|
06/05/2019|06/05/2019|31/12/2019|Contrato original|D.S ANDRADE - ME|260.655,75|0|
06/05/2019|06/05/2019|31/12/2019|Contrato original|COSMA SILVA OLIVEIRA|333.377,00|0|
06/05/2019|09/05/2019|09/10/2019|Aditivo de duração|Aditivo 1|GUERRA PINTO ENGENHARIA COMERCIO LTDA|0,01|0|
06/05/2019|06/05/2019|31/12/2019|Contrato original|T SOARES RODRIGUES COMERCIO VAREJISTA|423.812,00|0|
07/05/2019|07/05/2019|31/12/2019|Contrato original|ASS.VENC JUNT PROJ DE GER DE REND.DA DIOC DE LIMOEIRO NORTE|138.330,00|0|
07/05/2019|07/05/2019|31/12/2019|Contrato original|ASSOCIAÇÃO ISMAEL EVARISTO DOS REIS|74.130,00|0|
07/05/2019|07/05/2019|31/12/2019|Contrato original|ASSOCIAÇÃO COMUNITARIA DE CAJAZEIRAS - ASCAC- PEDRO SOARES|99.680,00|0|
07/05/2019|07/05/2019|31/12/2019|Contrato original|ASSOCIAÇÃO COOPERATIVISTA DO PROJETO DE ASSENTAMENTO CAMPOS|157.781,39|0|
07/05/2019|07/05/2019|31/12/2019|Contrato original|COOPERATIVA DE AGRICULTORES E AGRICULTORAS DE MOSSORÓ|44.160,00|0|
07/05/2019|07/05/2019|07/11/2019|Aditivo de duração|Aditivo 3|HENCLA CONSTRUCOES LTDA|0,01|0|
07/05/2019|07/05/2019|31/12/2019|Contrato original|JOSÉ JUAREZ SOARES FILHO - ME|1.306,40|0|
07/05/2019|07/05/2019|31/12/2019|Contrato original|JOSÉ JUAREZ SOARES FILHO - ME|332.427,80|0|
07/05/2019|07/05/2019|31/12/2019|Contrato original|JOSÉ JUAREZ SOARES FILHO - ME|50.657,30|0|
07/05/2019|07/05/2019|31/12/2019|Contrato original|JOSÉ JUAREZ SOARES FILHO - ME|511,00|0|
07/05/2019|07/05/2019|31/12/2019|Contrato original|PROURBI PROJETOS CONSTRUÇÕES E SERVIÇOS LTDA|8.235.402,34|0|
07/05/2019|07/05/2019|31/12/2019|Contrato original|ASSOCIAÇÃO DOS MORADORES DA COMUNIDADE DE BARREIRAS DOS VIAN|88.068,61|0|
08/05/2019|08/05/2019|31/12/2019|Contrato original|T SOARES RODRIGUES COMERCIO VAREJISTA|42.761,25|0|
08/05/2019|08/05/2019|31/12/2019|Contrato original|ASA TRANSPORTE CONTRUÇÕES E SERVIÇOS EIRELI-ME|762.508,62|0|
08/05/2019|08/05/2019|31/12/2019|Contrato original|T SOARES RODRIGUES COMERCIO VAREJISTA|84.840,00|0|
08/05/2019|08/05/2019|31/12/2019|Contrato original|T SOARES RODRIGUES COMERCIO VAREJISTA|8.736,00|0|
08/05/2019|08/05/2019|31/12/2019|Contrato original|JONATHAN DA SILVA PEREIRA - ME|153.460,00|0|
08/05/2019|08/05/2019|31/12/2019|Contrato original|SUPRIMAX COMERCIAL LTDA - EPP|343.566,80|0|
08/05/2019|08/05/2019|31/12/2019|Contrato original|JONATHAN DA SILVA PEREIRA - ME|290.265,00|0|
08/05/2019|08/05/2019|31/12/2019|Contrato original|SUPRIMAX COMERCIAL LTDA - EPP|18.745,50|0|
08/05/2019|08/05/2019|31/12/2019|Contrato original|JONATHAN DA SILVA PEREIRA - ME|16.853,50|0|
08/05/2019|08/05/2019|31/12/2019|Contrato original|SUPRIMAX COMERCIAL LTDA - EPP|371.952,00|0|
09/05/2019|09/05/2019|19/06/2019|Aditivo de aumento de valor|Aditivo 2|CONSTRUTORA SUASSUNA & MARTINS LTDA - EPP|164.441,84|0|
13/05/2019|13/05/2019|13/01/2020|Contrato original|PRIME EMPREENDIMENTOS INCORPORADORA E SERVIÇOS LTDA|277.352,10|0|
13/05/2019|13/05/2019|07/11/2019|Aditivo de redução de valor|Aditivo 4|HENCLA CONSTRUCOES LTDA|18.091,59|0|
14/05/2019|14/05/2019|07/11/2019|Aditivo de aumento de valor|Aditivo 5|HENCLA CONSTRUCOES LTDA|24.688,78|0|
15/05/2019|15/05/2019|29/09/2019|Aditivo de aumento de valor|Aditivo 22|LBM SERVIÇOS E CONSTRUÇÕES EIRELI|2.315,47|0|
15/05/2019|15/05/2019|29/09/2019|Aditivo de aumento de valor|Aditivo 20|LBM SERVIÇOS E CONSTRUÇÕES EIRELI|60.407,54|0|
15/05/2019|15/05/2019|29/09/2019|Aditivo de aumento de valor|Aditivo 21|LBM SERVIÇOS E CONSTRUÇÕES EIRELI|71.191,04|0|
15/05/2019|15/05/2019|29/09/2019|Aditivo de aumento de valor|Aditivo 19|LBM SERVIÇOS E CONSTRUÇÕES EIRELI|20.764,90|0|
16/05/2019|16/05/2019|31/12/2019|Contrato original|SUPRIMAX COMERCIAL LTDA - EPP|2.806,00|0|
16/05/2019|16/05/2019|31/12/2019|Contrato original|SUPRIMAX COMERCIAL LTDA - EPP|1.233,00|0|
16/05/2019|16/05/2019|31/12/2019|Contrato original|JONATHAN DA SILVA PEREIRA - ME|700,25|0|
16/05/2019|16/05/2019|31/12/2019|Contrato original|T SOARES RODRIGUES COMERCIO VAREJISTA|103,75|0|
16/05/2019|16/05/2019|31/12/2019|Contrato original|JONATHAN DA SILVA PEREIRA - ME|51,50|0|
16/05/2019|16/05/2019|31/12/2019|Contrato original|SUPRIMAX COMERCIAL LTDA - EPP|28,10|0|
16/05/2019|16/05/2019|31/12/2019|Contrato original|JONATHAN DA SILVA PEREIRA - ME|1.295,05|0|
16/05/2019|16/05/2019|31/12/2019|Contrato original|T SOARES RODRIGUES COMERCIO VAREJISTA|1.219,50|0|
16/05/2019|16/05/2019|31/12/2019|Contrato original|SUPRIMAX COMERCIAL LTDA - EPP|2.380,10|0|
16/05/2019|16/05/2019|31/12/2019|Contrato original|T SOARES RODRIGUES COMERCIO VAREJISTA|144,00|0|
16/05/2019|16/05/2019|31/12/2019|Contrato original|JONATHAN DA SILVA PEREIRA - ME|646,50|0|
16/05/2019|16/05/2019|31/12/2019|Contrato original|SUPRIMAX COMERCIAL LTDA - EPP|425,00|0|
16/05/2019|16/05/2019|31/12/2019|Contrato original|SUPRIMAX COMERCIAL LTDA - EPP|1.833,60|0|
16/05/2019|16/05/2019|31/12/2019|Contrato original|T SOARES RODRIGUES COMERCIO VAREJISTA|1.495,15|0|
16/05/2019|16/05/2019|31/12/2019|Contrato original|JONATHAN DA SILVA PEREIRA - ME|3.221,65|0|
16/05/2019|16/05/2019|31/12/2019|Contrato original|M A COMÉRCIO DE MATERIAL ELÉTRICO LTDA - ME|45.230,06|0|
16/05/2019|16/05/2019|31/12/2019|Contrato original|M A COMÉRCIO DE MATERIAL ELÉTRICO LTDA - ME|3.713,52|0|
16/05/2019|16/05/2019|31/12/2019|Contrato original|SUPRIMAX COMERCIAL LTDA - EPP|1.065,00|0|
16/05/2019|16/05/2019|31/12/2019|Contrato original|T SOARES RODRIGUES COMERCIO VAREJISTA|1.143,50|0|
16/05/2019|16/05/2019|31/12/2019|Contrato original|JONATHAN DA SILVA PEREIRA - ME|1.075,10|0|
16/05/2019|16/05/2019|31/12/2019|Contrato original|SUPRIMAX COMERCIAL LTDA - EPP|2.442,80|0|
16/05/2019|16/05/2019|31/12/2019|Contrato original|SUPRIMAX COMERCIAL LTDA - EPP|6.383,50|0|
16/05/2019|16/05/2019|31/12/2019|Contrato original|JONATHAN DA SILVA PEREIRA - ME|12.396,55|0|
16/05/2019|16/05/2019|31/12/2019|Contrato original|SUPRIMAX COMERCIAL LTDA - EPP|9.074,00|0|
16/05/2019|16/05/2019|31/12/2019|Contrato original|JONATHAN DA SILVA PEREIRA - ME|4.775,00|0|
16/05/2019|16/05/2019|31/12/2019|Contrato original|T SOARES RODRIGUES COMERCIO VAREJISTA|7.035,50|0|
16/05/2019|16/05/2019|31/12/2019|Contrato original|T SOARES RODRIGUES COMERCIO VAREJISTA|7.336,00|0|
16/05/2019|16/05/2019|31/12/2019|Contrato original|JONATHAN DA SILVA PEREIRA - ME|6.667,75|0|
16/05/2019|16/05/2019|31/12/2019|Contrato original|JONATHAN DA SILVA PEREIRA - ME|674,10|0|
16/05/2019|16/05/2019|31/12/2019|Contrato original|JONATHAN DA SILVA PEREIRA - ME|1.914,60|0|
16/05/2019|16/05/2019|31/12/2019|Contrato original|T SOARES RODRIGUES COMERCIO VAREJISTA|235,50|0|
16/05/2019|16/05/2019|31/12/2019|Contrato original|T SOARES RODRIGUES COMERCIO VAREJISTA|11.745,00|0|
16/05/2019|16/05/2019|31/12/2019|Contrato original|T SOARES RODRIGUES COMERCIO VAREJISTA|11.546,25|0|
16/05/2019|16/05/2019|31/12/2019|Contrato original|SUPRIMAX COMERCIAL LTDA - EPP|26.457,00|0|
16/05/2019|16/05/2019|31/12/2019|Contrato original|JONATHAN DA SILVA PEREIRA - ME|15.935,50|0|
16/05/2019|16/05/2019|31/12/2019|Contrato original|T SOARES RODRIGUES COMERCIO VAREJISTA|344,30|0|
16/05/2019|16/05/2019|31/12/2019|Contrato original|SUPRIMAX COMERCIAL LTDA - EPP|405,30|0|
17/05/2019|17/05/2019|31/12/2019|Contrato original|PROSAÚDE MATERIAL MÉDICO HOSPITALAR EIRELI|30.830,00|0|
17/05/2019|17/05/2019|31/12/2019|Contrato original|CASABLANCA TURISMO E VIAGENS LTDA.|20.400,00|0|
17/05/2019|17/05/2019|18/06/2019|Aditivo de aumento de valor|Aditivo 3|CONSTRUTORA SUASSUNA & MARTINS LTDA - EPP|218.467,82|0|
20/05/2019|20/05/2019|31/12/2019|Contrato original|L DE FATIMA RODRIGUES NOGUEIRA DO VALE COMERCIAL DE OXIGENIO|509.277,50|0|
21/05/2019|21/05/2019|31/12/2019|Contrato original|JONATHAN DA SILVA PEREIRA - ME|59.640,00|0|
21/05/2019|21/05/2019|31/12/2019|Contrato original|SILVIO RICARDO DE SOUZA BARRETO - ME|39.700,00|0|
22/05/2019|22/05/2019|31/12/2019|Contrato original|AMADO TECNOLOGIA EIRELI-ME|3.317.500,00|0|
23/05/2019|23/05/2019|31/12/2019|Contrato original|T SOARES RODRIGUES COMERCIO VAREJISTA|1.310,00|0|
23/05/2019|29/05/2019|11/09/2019|Aditivo de redução de valor|Aditivo 2|CONSTRAM CONSTRUÇÕES E ALUGUEIS DE MAQUINAS LTDA|34.686,40|0|
24/05/2019|24/05/2019|31/12/2019|Contrato original|PELICAN PARTICIPAÇÕESS LTDA-ME|8.956,36|0|
24/05/2019|29/05/2019|11/09/2019|Aditivo de aumento de valor|Aditivo 3|CONSTRAM CONSTRUÇÕES E ALUGUEIS DE MAQUINAS LTDA|135.314,06|0|
27/05/2019|27/05/2019|27/11/2019|Contrato original|CONSTRAM CONSTRUÇÕES E ALUGUEIS DE MAQUINAS LTDA|193.917,47|0|
28/05/2019|28/05/2019|31/12/2019|Contrato original|F. PEREIRA BARRETO - ME|15.330,00|0|
28/05/2019|28/05/2019|21/07/2019|Aditivo de redução de valor|Aditivo 5|CONSTRAM CONSTRUÇÕES E ALUGUEIS DE MAQUINAS LTDA|11.583,20|0|
29/05/2019|29/05/2019|31/12/2019|Contrato original|FERNANDO VIEIRA ARAUJO - ME|35.000,00|0|
29/05/2019|29/05/2019|31/12/2019|Aditivo de aumento de valor|Aditivo 1|PANORAMA - COM. DE PRODUTOS MÉDICOS E FARMACÊUTICOS LTDA|372,60|0|
29/05/2019|29/05/2019|31/12/2019|Contrato original|FERNANDO VIEIRA ARAUJO - ME|30.000,00|0|
29/05/2019|29/05/2019|21/07/2019|Aditivo de aumento de valor|Aditivo 6|CONSTRAM CONSTRUÇÕES E ALUGUEIS DE MAQUINAS LTDA|165.253,75|0|
29/05/2019|29/05/2019|31/12/2019|Contrato original|FERNANDO VIEIRA ARAUJO - ME|28.000,00|0|
29/05/2019|29/05/2019|31/12/2019|Contrato original|FERNANDO VIEIRA ARAUJO - ME|60.000,00|0|
30/05/2019|30/05/2019|31/12/2019|Contrato original|ECLIPSE SERVIÇOS E LOCAÇÕES EIRELI - ME|42.000,00|0|
30/05/2019|30/05/2019|31/12/2019|Contrato original|ECLIPSE SERVIÇOS E LOCAÇÕES EIRELI - ME|75.600,00|0|
03/06/2019|03/06/2019|31/12/2019|Contrato original|JOSÉ JUAREZ SOARES FILHO - ME|7.103,20|0|
03/06/2019|03/06/2019|31/12/2019|Contrato original|JOSÉ JUAREZ SOARES FILHO - ME|832,10|0|
03/06/2019|03/06/2019|31/12/2019|Contrato original|JOSÉ JUAREZ SOARES FILHO - ME|422,50|0|
03/06/2019|03/06/2019|31/12/2019|Contrato original|JOSÉ JUAREZ SOARES FILHO - ME|647,90|0|
03/06/2019|03/06/2019|31/12/2019|Contrato original|JOSÉ JUAREZ SOARES FILHO - ME|54,40|0|
03/06/2019|03/06/2019|31/12/2019|Contrato original|JOSÉ JUAREZ SOARES FILHO - ME|27.911,00|0|
03/06/2019|03/06/2019|31/12/2019|Contrato original|JOSÉ JUAREZ SOARES FILHO - ME|904,00|0|
03/06/2019|03/06/2019|31/12/2019|Contrato original|JOSÉ JUAREZ SOARES FILHO - ME|13.684,00|0|
03/06/2019|03/06/2019|31/12/2019|Contrato original|JOSÉ JUAREZ SOARES FILHO - ME|1.082,40|0|
03/06/2019|03/06/2019|31/12/2019|Contrato original|JOSÉ JUAREZ SOARES FILHO - ME|3.899,00|0|
03/06/2019|03/06/2019|31/12/2019|Contrato original|JOSÉ JUAREZ SOARES FILHO - ME|383.220,00|0|
03/06/2019|03/06/2019|31/12/2019|Contrato original|JOSÉ JUAREZ SOARES FILHO - ME|3.371,40|0|
03/06/2019|03/06/2019|31/12/2019|Contrato original|JOSÉ JUAREZ SOARES FILHO - ME|1.800,40|0|
03/06/2019|03/06/2019|30/06/2019|Aditivo de rescisão de contrato|Aditivo 2|BERNARDES & SILVA APOIO ADMINITRATIVO LTDA|0,00|0|
05/06/2019|05/06/2019|05/06/2020|Contrato original|CONCORDIA CONSTRUÇÕES LTDA|645.497,66|0|
06/06/2019|06/06/2019|06/06/2020|Contrato original|GEOPAC ENGENHARIA E CONSULTORIA LTDA - EPP|1.741.129,75|0|
06/06/2019|06/06/2019|07/11/2019|Aditivo de aumento de valor|Aditivo 6|HENCLA CONSTRUCOES LTDA|41.717,44|0|
06/06/2019|06/06/2019|06/06/2020|Contrato original|GEOPAC ENGENHARIA E CONSULTORIA LTDA - EPP|807.697,20|0|
06/06/2019|06/06/2019|06/06/2020|Contrato original|GEOPAC ENGENHARIA E CONSULTORIA LTDA - EPP|471.291,40|0|
07/06/2019|07/06/2019|07/04/2020|Aditivo de duração|Aditivo 1|RS ENGENHARIA LTDA|0,17|0|
07/06/2019|07/06/2019|07/11/2019|Aditivo de duração|Aditivo 1|RS ENGENHARIA LTDA|0,01|0|
10/06/2019|10/06/2019|10/06/2020|Contrato original|CONSTRAM CONSTRUÇÕES E ALUGUEIS DE MAQUINAS LTDA|897.755,92|0|
11/06/2019|11/06/2019|22/07/2019|Aditivo de redução de valor|Aditivo 10|LOMACON LOCAÇÃO E CONSTRUÇÃO LTDA|1.047,04|0|
11/06/2019|11/06/2019|22/07/2019|Aditivo de aumento de valor|Aditivo 9|LOMACON LOCAÇÃO E CONSTRUÇÃO LTDA|90.784,63|0|
12/06/2019|12/06/2019|31/12/2019|Aditivo de rescisão de contrato|Aditivo 1|BRUNO DE OLIVEIRA SILVA|0,00|0|
14/06/2019|20/07/2019|20/07/2020|Aditivo de duração|Aditivo 1|MARIA LUZINETE DE LIMA SANTOS|9.600,00|0|
14/06/2019|22/06/2019|22/08/2019|Aditivo de duração|Aditivo 10|EDUARDO RIBEIRO LIMA|3.000,00|0|
14/06/2019|20/07/2019|20/07/2020|Aditivo de duração|Aditivo 1|MANUEL SILVÉRIO DE OLIVEIRA|7.200,00|0|
14/06/2019|04/07/2019|04/10/2019|Aditivo de duração|Aditivo 3|CONSTRUTORA SUASSUNA & MARTINS LTDA - EPP|0,01|0|
14/06/2019|26/06/2019|26/06/2020|Aditivo de duração|Aditivo 1|FRANCISCO RIVANDO DA SILVA|7.200,00|0|
14/06/2019|22/06/2019|22/08/2019|Aditivo de duração|Aditivo 10|FRANCISCO AUDISIO SOARES FERREIRA|3.000,00|0|
14/06/2019|04/07/2019|04/10/2019|Aditivo de duração|Aditivo 3|CONSTRUTORA SUASSUNA & MARTINS LTDA - EPP|0,01|0|
17/06/2019|04/07/2019|04/07/2020|Aditivo de duração|Aditivo 5|BRASLIMP TRANSPORTES ESPECIALIZADOS LTDA|9.802.870,68|0|
17/06/2019|26/06/2019|26/06/2020|Aditivo de duração|Aditivo 1|ALDENIR BARBOSA DA SILVA|8.400,00|0|
18/06/2019|18/06/2019|18/04/2020|Aditivo de duração|Aditivo 4|CONSTRUTORA SUASSUNA & MARTINS LTDA - EPP|0,01|0|
18/06/2019|20/06/2019|20/11/2019|Aditivo de duração|Aditivo 3|RS ENGENHARIA LTDA|0,01|0|
19/06/2019|19/06/2019|31/12/2019|Aditivo de aumento de quantidade|Aditivo 1|FORTALMED EQUIPAMENTOS HOSPITALARES LTDA|113.357,91|0|
20/06/2019|20/06/2019|20/11/2019|Aditivo de duração|Aditivo 3|RS ENGENHARIA LTDA|0,01|0|
24/06/2019|24/06/2019|21/12/2019|Contrato original|OSCAR RODRIGUES ALVES NETO ME|68.400,00|0|
24/06/2019|24/06/2019|21/12/2019|Contrato original|OSCAR RODRIGUES ALVES NETO ME|711.300,00|0|
26/06/2019|29/06/2019|29/12/2019|Aditivo de duração|Aditivo 4|CICERA MARIA NUNES DA COSTA|7.800,00|0|
26/06/2019|26/06/2019|31/12/2019|Contrato original|HF PNEUS EIRELI|11.500,00|0|
27/06/2019|27/06/2019|31/12/2019|Aditivo de aumento de quantidade|Aditivo 1|MEDMAIA COMERCIO DE PRODUTOS MEDICO LTDA - ME|712.856,45|0|
01/07/2019|01/07/2019|01/07/2020|Contrato original|ADONIAS GOMES BARBOSA|18.000,00|0|
03/07/2019|03/07/2019|03/01/2020|Contrato original|INNOVARES CONSTRUÇÕES EIRELI|187.467,04|0|
03/07/2019|03/07/2019|31/12/2019|Contrato original|FRANCISCO VANILSON DA SILVA MAIA - ME|570,40|0|
05/07/2019|05/07/2019|31/12/2019|Aditivo de aumento de quantidade|Aditivo 1|FORTE CONSTRUÇÕES LTDA|322.500,00|0|
05/07/2019|28/07/2019|27/01/2020|Aditivo de duração|Aditivo 1|ASSOCIAÇÃO CEARENSE DE ESTUDOS E PESQUISA|0,01|0|
09/07/2019|09/07/2019|31/12/2019|Aditivo de aumento de quantidade|Aditivo 1|HF PNEUS EIRELI|1.348,75|0|
09/07/2019|09/07/2019|31/12/2019|Aditivo de aumento de quantidade|Aditivo 1|HF PNEUS EIRELI|32.597,75|0|
10/07/2019|18/07/2019|17/01/2020|Aditivo de duração|Aditivo 3|UNIVIDA-COOP.DE TRABALHO E SERV.EM ATENDIMENTO PRE-HOSP|9.729.281,16|0|
10/07/2019|10/07/2019|10/07/2020|Contrato original|COELCE - COMPANHIA ENERGÉTICA DO CEARÁ|300.000,00|0|
10/07/2019|10/07/2019|10/07/2020|Contrato original|COELCE - COMPANHIA ENERGÉTICA DO CEARÁ|234.000,00|0|
10/07/2019|10/07/2019|10/07/2020|Contrato original|COELCE - COMPANHIA ENERGÉTICA DO CEARÁ|84.000,00|0|
10/07/2019|10/07/2019|31/12/2019|Contrato original|H. F. ROCHA DO VALE EMPREENDIMENTOS - ME|214.120,00|0|
11/07/2019|11/07/2019|11/02/2020|Contrato original|CONSTRUTORA SUASSUNA & MARTINS LTDA - EPP|79.081,75|0|
12/07/2019|20/07/2019|19/01/2020|Aditivo de duração|Aditivo 2|A AMARO F DA SILVA|12.600,00|0|
15/07/2019|15/07/2019|31/12/2019|Aditivo de aumento de quantidade|Aditivo 2|ESCRITA PUBLICIDADE PROPAGANDA E ASSESSORIA PUBLICA LTDA|20.521,00|0|
17/07/2019|21/07/2019|21/03/2020|Aditivo de duração|Aditivo 7|CONSTRAM CONSTRUÇÕES E ALUGUEIS DE MAQUINAS LTDA|0,01|0|
18/07/2019|18/07/2019|31/12/2019|Contrato original|FERNANDO VIEIRA ARAUJO - ME|13.500,00|0|
19/07/2019|19/07/2019|15/01/2020|Aditivo de duração|Aditivo 11|LOMACON LOCAÇÃO E CONSTRUÇÃO LTDA|0,01|0|
22/07/2019|22/07/2019|22/02/2020|Contrato original|PRIME EMPREENDIMENTOS INCORPORADORA E SERVIÇOS LTDA|94.559,18|0|
23/07/2019|23/07/2019|31/12/2019|Contrato original|AC COMERCIO VAREJISTA DE MATERIAL DE ESCRITORIO LTDA ME|1.913,51|0|
24/07/2019|24/07/2019|29/09/2019|Aditivo de duração|Aditivo 23|LBM SERVIÇOS E CONSTRUÇÕES EIRELI|0,01|0|
26/07/2019|26/07/2019|31/12/2019|Contrato original|LUCAS GOULART HOLANDA - ME|38.987,10|0|
26/07/2019|26/07/2019|31/12/2019|Contrato original|DS DISTRIBUIDORA DE MATERIAL MÉDICO LTDA - ME|32.099,98|0|
26/07/2019|26/07/2019|31/12/2019|Contrato original|H.P.DE VASCONCELOS - ME|35.806,24|0|
26/07/2019|26/07/2019|31/12/2019|Contrato original|HIFARMA COMERCIO E REPRESENTAÇÃO LTDA|32.085,78|0|
26/07/2019|26/07/2019|31/12/2019|Contrato original|MEDMAIA COMERCIO DE PRODUTOS MEDICO LTDA - ME|129.309,08|0|
26/07/2019|26/07/2019|31/12/2019|Contrato original|FORTALMED EQUIPAMENTOS HOSPITALARES LTDA|64.000,00|0|
29/07/2019|02/08/2019|01/08/2020|Aditivo de duração|Aditivo 2|CONECTA EQUIPAMENTOS E SERVIÇOS LTDA-EPP|4.200,00|0|
29/07/2019|02/08/2019|01/08/2020|Aditivo de duração|Aditivo 2|CONECTA EQUIPAMENTOS E SERVIÇOS LTDA-EPP|12.000,00|0|
29/07/2019|02/08/2019|01/08/2020|Aditivo de duração|Aditivo 2|CONECTA EQUIPAMENTOS E SERVIÇOS LTDA-EPP|12.600,00|0|
29/07/2019|29/07/2019|31/12/2019|Contrato original|ROBSON MARCIO GOMES ROQUE - ME|12.500,00|0|
29/07/2019|02/08/2019|01/08/2020|Aditivo de duração|Aditivo 2|CONECTA EQUIPAMENTOS E SERVIÇOS LTDA-EPP|4.200,00|0|
29/07/2019|02/08/2019|01/08/2020|Aditivo de duração|Aditivo 2|CONECTA EQUIPAMENTOS E SERVIÇOS LTDA-EPP|4.200,00|0|
29/07/2019|02/08/2019|01/08/2020|Aditivo de duração|Aditivo 2|CONECTA EQUIPAMENTOS E SERVIÇOS LTDA-EPP|4.200,00|0|
29/07/2019|02/08/2019|01/08/2020|Aditivo de duração|Aditivo 2|CONECTA EQUIPAMENTOS E SERVIÇOS LTDA-EPP|4.200,00|0|
29/07/2019|02/08/2019|01/08/2020|Aditivo de duração|Aditivo 2|CONECTA EQUIPAMENTOS E SERVIÇOS LTDA-EPP|8.400,00|0|
29/07/2019|02/08/2019|01/08/2020|Aditivo de duração|Aditivo 2|CONECTA EQUIPAMENTOS E SERVIÇOS LTDA-EPP|16.800,00|0|
29/07/2019|02/08/2019|01/08/2020|Aditivo de duração|Aditivo 2|CONECTA EQUIPAMENTOS E SERVIÇOS LTDA-EPP|16.200,00|0|
29/07/2019|02/08/2019|01/08/2020|Aditivo de duração|Aditivo 2|CONECTA EQUIPAMENTOS E SERVIÇOS LTDA-EPP|35.400,00|0|
29/07/2019|02/08/2019|01/08/2020|Aditivo de duração|Aditivo 3|CONECTA EQUIPAMENTOS E SERVIÇOS LTDA-EPP|42.000,00|0|
30/07/2019|30/07/2019|31/12/2019|Contrato original|ASA TRANSPORTE CONTRUÇÕES E SERVIÇOS EIRELI-ME|1.528.385,14|0|
30/07/2019|30/07/2019|31/12/2019|Contrato original|BRINK BEM BRINQUEDOS E TRANSPORTES DO NORDESTE LTDA - ME|1.661.725,00|0|
31/07/2019|31/07/2019|31/12/2019|Contrato original|NOVA VIA TECNOLOGIA E MOBILIDADE LTDA-ME|6.600,00|0|
31/07/2019|31/07/2019|31/07/2020|Contrato original|FRANCISCO CLAUDEIRTON DO NASCIMENTO DE PAULA|20.400,00|0|
01/08/2019|01/08/2019|31/12/2019|Contrato original|JONATHAN DA SILVA PEREIRA - ME|99.400,00|0|
01/08/2019|01/08/2019|31/08/2019|Contrato original|DS&A PRODUÇÃO, EVENTOS E SERVIÇOS LTDA - ME|28.000,00|0|
01/08/2019|01/08/2019|01/08/2020|Contrato original|SERVIÇO SOCIAL DE APRENDIZAGEM INDUSTRIAL-SENAI|91.420,00|0|
01/08/2019|01/08/2019|31/12/2019|Contrato original|BIT INFORMATICA LTDA|35.000,00|0|
05/08/2019|05/08/2019|31/12/2019|Contrato original|HF PNEUS EIRELI|125.240,00|0|
07/08/2019|18/08/2019|17/08/2020|Aditivo de duração|Aditivo 1|ALUCOM LTDA EPP|53.774,52|0|
07/08/2019|07/08/2019|31/12/2019|Contrato original|IMPACTO-COMÉRCIO, SERVIÇOS E REPRESENTAÇÕES DE EQUIPAMENTO|25.992,00|0|
07/08/2019|07/08/2019|07/08/2020|Contrato original|DATAINFO PESQUISA E CONSULTORIA S/S LTDA EPP|224.000,00|0|
07/08/2019|07/08/2019|31/12/2019|Aditivo de aumento de quantidade|Aditivo 1|SOL NASCENTE COMÉRCIO DE ALIMENTOS LTDA|3.486,21|0|
07/08/2019|18/08/2019|17/08/2020|Aditivo de duração|Aditivo 1|ALUCOM LTDA EPP|142.901,52|0|
07/08/2019|18/08/2019|17/08/2020|Aditivo de duração|Aditivo 1|ALUCOM LTDA EPP|74.893,08|0|
07/08/2019|18/08/2019|17/08/2020|Aditivo de duração|Aditivo 1|ALUCOM LTDA EPP|5.698,68|0|
07/08/2019|18/08/2019|17/08/2020|Aditivo de duração|Aditivo 1|ALUCOM LTDA EPP|47.015,16|0|
07/08/2019|18/08/2019|17/08/2020|Aditivo de duração|Aditivo 1|ALUCOM LTDA EPP|63.606,36|0|
07/08/2019|18/08/2019|17/08/2020|Aditivo de duração|Aditivo 1|ALUCOM LTDA EPP|102.112,80|0|
07/08/2019|18/08/2019|17/08/2020|Aditivo de duração|Aditivo 1|ALUCOM LTDA EPP|80.325,84|0|
07/08/2019|18/08/2019|17/08/2020|Aditivo de duração|Aditivo 1|ALUCOM LTDA EPP|133.980,00|0|
07/08/2019|18/08/2019|17/08/2020|Aditivo de duração|Aditivo 1|ALUCOM LTDA EPP|62.886,48|0|
07/08/2019|18/08/2019|17/08/2020|Aditivo de duração|Aditivo 1|ALUCOM LTDA EPP|72.285,96|0|
07/08/2019|18/08/2019|17/08/2020|Aditivo de duração|Aditivo 1|ALUCOM LTDA EPP|52.624,32|0|
07/08/2019|18/08/2019|17/08/2020|Aditivo de duração|Aditivo 1|ALUCOM LTDA EPP|47.313,48|0|
07/08/2019|18/08/2019|17/08/2020|Aditivo de duração|Aditivo 1|ALUCOM LTDA EPP|48.414,00|0|
07/08/2019|18/08/2019|17/08/2020|Aditivo de duração|Aditivo 1|ALUCOM LTDA EPP|46.946,64|0|
07/08/2019|18/08/2019|17/08/2020|Aditivo de duração|Aditivo 1|ALUCOM LTDA EPP|95.849,64|0|
07/08/2019|18/08/2019|17/08/2020|Aditivo de duração|Aditivo 1|ALUCOM LTDA EPP|82.520,28|0|
07/08/2019|18/08/2019|17/08/2020|Aditivo de duração|Aditivo 1|ALUCOM LTDA EPP|50.815,68|0|
07/08/2019|07/08/2019|31/12/2019|Aditivo de aumento de quantidade|Aditivo 1|DLA COMERCIAL DE ALIMENTOS EIRELI|7.085,77|0|
08/08/2019|10/08/2019|09/08/2020|Aditivo de duração|Aditivo 2|AGIL COMUNICAÇÃO E MARKETING LTDA|0,01|0|
08/08/2019|10/08/2019|09/08/2020|Aditivo de duração|Aditivo 2|AGIL COMUNICAÇÃO E MARKETING LTDA|0,01|0|
08/08/2019|08/08/2019|03/09/2020|Aditivo de aumento de valor|Aditivo 2|R MEIRA ENGENHARIA EIRELI|169.303,03|0|
08/08/2019|08/08/2019|29/02/2020|Aditivo de aumento de valor|Aditivo 1|FALL CONSTRUÇÕES E SERVIÇOS LTDA ME|305.288,75|0|
08/08/2019|08/08/2019|29/11/2019|Aditivo de aumento de valor|Aditivo 1|FALL CONSTRUÇÕES E SERVIÇOS LTDA ME|133.919,41|0|
08/08/2019|03/09/2019|03/09/2020|Aditivo de duração|Aditivo 1|R MEIRA ENGENHARIA EIRELI|0,01|0|
08/08/2019|10/08/2019|09/08/2020|Aditivo de duração|Aditivo 2|AGIL COMUNICAÇÃO E MARKETING LTDA|0,01|0|
08/08/2019|10/08/2019|09/08/2020|Aditivo de duração|Aditivo 3|AGIL COMUNICAÇÃO E MARKETING LTDA|0,01|0|
12/08/2019|12/08/2019|12/01/2020|Contrato original|CONECTA EQUIPAMENTOS E SERVIÇOS LTDA-EPP|2.500,00|0|
12/08/2019|12/08/2019|31/12/2019|Aditivo de aumento de quantidade|Aditivo 1|M G MESQUITA SALDANHA|6.637,50|0|
12/08/2019|12/08/2019|31/12/2019|Aditivo de aumento de quantidade|Aditivo 1|T SOARES RODRIGUES COMERCIO VAREJISTA|13.630,00|0|
15/08/2019|15/08/2019|31/12/2019|Contrato original|CENTRAL DAS FRALDAS DISTRIBUIDORA LTDA - ME|284.515,13|0|
15/08/2019|15/08/2019|31/12/2019|Contrato original|COSMA SILVA OLIVEIRA|223.818,75|0|
15/08/2019|15/08/2019|31/12/2019|Contrato original|HIFARMA COMERCIO E REPRESENTAÇÃO LTDA|20.573,14|0|
15/08/2019|15/08/2019|31/12/2019|Contrato original|SILVIO RICARDO DE SOUZA BARRETO - ME|145.451,50|0|
15/08/2019|15/08/2019|30/08/2019|Aditivo de aumento de valor|Aditivo 3|CONSTRUTORA SUASSUNA & MARTINS LTDA - EPP|82.654,98|0|
15/08/2019|15/08/2019|04/10/2019|Aditivo de aumento de valor|Aditivo 4|CONSTRUTORA SUASSUNA & MARTINS LTDA - EPP|26.765,25|0|
15/08/2019|15/08/2019|04/10/2019|Aditivo de aumento de valor|Aditivo 4|CONSTRUTORA SUASSUNA & MARTINS LTDA - EPP|37.597,60|0|
15/08/2019|15/08/2019|31/12/2019|Contrato original|PROVIX COMERCIO DE PAPELARIA LTDA - EPP|42.010,00|0|
16/08/2019|16/08/2019|31/12/2019|Contrato original|GONÇALVES LOCAÇÃO, CONSTRUÇÃO E ELETRIFICAÇÃO EIRELI-ME|1.366.502,40|0|
19/08/2019|30/08/2019|30/06/2020|Aditivo de duração|Aditivo 5|CONSTRUTORA SUASSUNA & MARTINS LTDA - EPP|0,01|0|
19/08/2019|30/08/2019|30/06/2020|Aditivo de duração|Aditivo 6|CONSTRUTORA SUASSUNA & MARTINS LTDA - EPP|0,01|0|
19/08/2019|19/08/2019|30/08/2019|Aditivo de aumento de valor|Aditivo 4|CONSTRUTORA SUASSUNA & MARTINS LTDA - EPP|48.731,96|0|
21/08/2019|22/08/2019|22/10/2019|Aditivo de duração|Aditivo 11|FRANCISCO AUDISIO SOARES FERREIRA|3.000,00|0|
21/08/2019|22/08/2019|22/10/2019|Aditivo de duração|Aditivo 11|EDUARDO RIBEIRO LIMA|3.000,00|0|
23/08/2019|27/08/2019|27/10/2019|Aditivo de duração|Aditivo 1|ANA PAULA LIMA DE DEUS ARRIGETO|5.600,00|0|
23/08/2019|23/08/2019|23/02/2020|Contrato original|EVERTON SMALLY MACHADO DE OLIVEIRA|21.000,00|0|
23/08/2019|23/08/2019|13/01/2020|Aditivo de aumento de valor|Aditivo 1|PRIME EMPREENDIMENTOS INCORPORADORA E SERVIÇOS LTDA|69.254,81|0|
23/08/2019|29/08/2019|29/01/2020|Aditivo de duração|Aditivo 5|CLARA NUBIA BERNARDO RIBEIRO|13.800,00|0|
28/08/2019|31/08/2019|31/01/2020|Aditivo de duração|Aditivo 5|MARTA SOARES BARBOSA|11.000,00|0|
02/09/2019|02/09/2019|09/08/2020|Aditivo de duração|Aditivo 4|AGIL COMUNICAÇÃO E MARKETING LTDA|1.000.000,00|0|
02/09/2019|02/09/2019|31/12/2019|Contrato original|BIT INFORMATICA LTDA|700,00|0|
03/09/2019|03/09/2019|31/12/2019|Contrato original|BIT INFORMATICA LTDA|700,00|0|
03/09/2019|03/09/2019|31/12/2019|Contrato original|BIT INFORMATICA LTDA|10.640,00|0|
03/09/2019|03/09/2019|31/12/2019|Contrato original|BIT INFORMATICA LTDA|2.800,00|0|
03/09/2019|03/09/2019|31/12/2019|Contrato original|BIT INFORMATICA LTDA|1.400,00|0|
03/09/2019|03/09/2019|31/12/2019|Contrato original|BIT INFORMATICA LTDA|12.600,00|0|
03/09/2019|03/09/2019|31/12/2019|Contrato original|BIT INFORMATICA LTDA|1.400,00|0|
03/09/2019|03/09/2019|31/12/2019|Contrato original|BIT INFORMATICA LTDA|700,00|0|
03/09/2019|03/09/2019|31/12/2019|Contrato original|BIT INFORMATICA LTDA|700,00|0|
03/09/2019|03/09/2019|31/12/2019|Contrato original|BIT INFORMATICA LTDA|2.100,00|0|
03/09/2019|03/09/2019|31/12/2019|Contrato original|BIT INFORMATICA LTDA|2.100,00|0|
03/09/2019|03/09/2019|31/12/2019|Contrato original|BIT INFORMATICA LTDA|28.000,00|0|
03/09/2019|03/09/2019|03/07/2020|Aditivo de duração|Aditivo 24|LBM SERVIÇOS E CONSTRUÇÕES EIRELI|0,01|0|
03/09/2019|03/09/2019|03/07/2020|Aditivo de duração|Aditivo 25|LBM SERVIÇOS E CONSTRUÇÕES EIRELI|0,01|0|
03/09/2019|03/09/2019|03/07/2020|Aditivo de duração|Aditivo 26|LBM SERVIÇOS E CONSTRUÇÕES EIRELI|0,01|0|
03/09/2019|03/09/2019|03/07/2020|Aditivo de duração|Aditivo 27|LBM SERVIÇOS E CONSTRUÇÕES EIRELI|0,01|0|
04/09/2019|04/09/2019|31/12/2019|Contrato original|H. F. ROCHA DO VALE EMPREENDIMENTOS - ME|1.373.608,00|0|
04/09/2019|04/09/2019|04/09/2020|Contrato original|LEALMED IMAGE S/C LTDA - ME|252.000,00|0|
05/09/2019|18/09/2019|31/12/2019|Aditivo de duração|Aditivo 1|BONFIM  & BRECKENFELD SOCIEDADE DE ADVOGADOS|0,88|0|
05/09/2019|18/09/2019|31/12/2019|Aditivo de duração|Aditivo 2|BONFIM  & BRECKENFELD SOCIEDADE DE ADVOGADOS|26.400,00|0|
06/09/2019|06/09/2019|04/03/2020|Contrato original|LOCAR EMPREENDIMENTO EIRELI - EPP|113.400,00|0|
06/09/2019|06/09/2019|31/12/2019|Contrato original|M.K DE AZEVEDO ARAÚJO DUTRA DANTAS - ME|40.597,00|0|
06/09/2019|06/09/2019|31/12/2019|Contrato original|VICTOR SIQUEIRA NOCRATO EIRELI-ME|74.808,00|0|
06/09/2019|06/09/2019|04/03/2020|Contrato original|LOCAR EMPREENDIMENTO EIRELI - EPP|98.400,00|0|
06/09/2019|06/09/2019|04/03/2020|Contrato original|LOCAR EMPREENDIMENTO EIRELI - EPP|45.600,00|0|
06/09/2019|06/09/2019|04/03/2020|Contrato original|LOCAR EMPREENDIMENTO EIRELI - EPP|55.200,00|0|
06/09/2019|06/09/2019|04/03/2020|Contrato original|LOCAR EMPREENDIMENTO EIRELI - EPP|57.000,00|0|
06/09/2019|06/09/2019|04/03/2020|Contrato original|LOCAR EMPREENDIMENTO EIRELI - EPP|45.600,00|0|
06/09/2019|06/09/2019|04/03/2020|Contrato original|LOCAR EMPREENDIMENTO EIRELI - EPP|27.600,00|0|
06/09/2019|06/09/2019|04/03/2020|Contrato original|LOCAR EMPREENDIMENTO EIRELI - EPP|98.400,00|0|
09/09/2019|09/09/2019|09/09/2019|Aditivo de rescisão de contrato|Aditivo 1|OSCAR RODRIGUES ALVES NETO ME|0,00|0|
12/09/2019|12/09/2019|12/09/2020|Aditivo de duração|Aditivo 5|CONSTRAM CONSTRUÇÕES E ALUGUEIS DE MAQUINAS LTDA|0,00|0|
13/09/2019|13/09/2019|31/12/2019|Contrato original|F. PEREIRA BARRETO - ME|66.000,00|0|
13/09/2019|13/09/2019|13/03/2020|Aditivo de duração|Aditivo 1|LABORATÓRIO DE ANALISES CLINICAS NOBREGA & ANDRANDE LTDA-ME|0,01|0|
13/09/2019|13/09/2019|31/12/2019|Contrato original|F. PEREIRA BARRETO - ME|18.528,60|0|
16/09/2019|16/09/2019|04/06/2020|Aditivo de aumento de valor|Aditivo 1|FORTE CONSTRUÇÕES LTDA|311.971,59|0|
17/09/2019|17/09/2019|27/01/2020|Aditivo de aumento de valor|Aditivo 2|ASSOCIAÇÃO CEARENSE DE ESTUDOS E PESQUISA|315.500,00|0|
17/09/2019|17/09/2019|31/12/2019|Contrato original|F. PEREIRA BARRETO - ME|113.715,00|0|
19/09/2019|19/09/2019|07/11/2019|Aditivo de aumento de valor|Aditivo 2|RS ENGENHARIA LTDA|136.746,43|0|
19/09/2019|19/09/2019|09/10/2019|Aditivo de aumento de valor|Aditivo 3|GUERRA PINTO ENGENHARIA COMERCIO LTDA|52.827,88|0|
19/09/2019|19/09/2019|09/10/2019|Aditivo de aumento de valor|Aditivo 2|GUERRA PINTO ENGENHARIA COMERCIO LTDA|441.132,87|0|
20/09/2019|20/09/2019|20/05/2020|Contrato original|CONSTRUTORA SUASSUNA & MARTINS LTDA - EPP|175.483,87|0|
23/09/2019|23/09/2019|31/12/2019|Contrato original|CASABLANCA TURISMO E VIAGENS LTDA.|5.200,00|0|
24/09/2019|24/09/2019|31/12/2019|Contrato original|CASABLANCA TURISMO E VIAGENS LTDA.|6.000,00|0|
24/09/2019|24/09/2019|31/12/2019|Contrato original|ECLIPSE SERVIÇOS E LOCAÇÕES EIRELI - ME|14.400,00|0|
24/09/2019|24/09/2019|31/12/2019|Contrato original|BIT INFORMATICA LTDA|700,00|0|
26/09/2019|26/09/2019|26/04/2020|Contrato original|RS ENGENHARIA LTDA|450.525,07|0|
26/09/2019|26/09/2019|26/04/2020|Contrato original|RS ENGENHARIA LTDA|737.608,36|0|
27/09/2019|28/09/2019|28/04/2020|Aditivo de duração|Aditivo 4|MARIA IVONETE DUARTE DA SILVA|25.823,00|0|
27/09/2019|27/09/2019|28/04/2020|Aditivo de duração|Aditivo 4|ESPÓLIO RÉGIS BERNARDO DE SOUZA|16.120,93|0|
27/09/2019|27/09/2019|27/04/2020|Aditivo de duração|Aditivo 4|MARIA DAS GRAÇAS VALENTE DA SILVA|2.951,20|0|
30/09/2019|30/09/2019|30/10/2019|Aditivo de duração|Aditivo 2|CONSÓRCIO UNICOM PRÁTICA|0,01|0|
30/09/2019|30/09/2019|30/10/2019|Aditivo de duração|Aditivo 2|CONSÓRCIO UNICOM PRÁTICA|0,01|0|
30/09/2019|30/09/2019|30/10/2019|Aditivo de duração|Aditivo 2|CONSÓRCIO UNICOM PRÁTICA|0,01|0|
30/09/2019|30/09/2019|03/01/2020|Aditivo de aumento de valor|Aditivo 1|INNOVARES CONSTRUÇÕES EIRELI|36.076,93|0|
01/10/2019|02/10/2019|01/04/2020|Aditivo de duração|Aditivo 1|MB FACOS CONSULTAS E PROCEDIMENTOS OFTAMOLOGICOS LTDA|0,01|0|
02/10/2019|05/10/2019|05/10/2020|Aditivo de duração|Aditivo 1|FRANCISCO ALCYONEY VIANA|24.000,00|0|
03/10/2019|03/10/2019|31/12/2019|Aditivo de aumento de quantidade|Aditivo 2|M G MESQUITA SALDANHA|57.781,25|0|
03/10/2019|03/10/2019|31/12/2019|Aditivo de aumento de quantidade|Aditivo 1|D.S ANDRADE - ME|22.679,52|0|
03/10/2019|03/10/2019|03/10/2020|Contrato original|SERVIÇO DE APOIO ÀS MICRO E PEQUENAS EMPRESAS DO CEARÁ|97.800,00|0|
04/10/2019|04/10/2019|31/12/2019|Aditivo de aumento de quantidade|Aditivo 1|HF PNEUS EIRELI|2.800,75|0|
04/10/2019|04/10/2019|04/08/2020|Aditivo de duração|Aditivo 1|RS ENGENHARIA LTDA|0,01|0|
04/10/2019|09/10/2019|09/10/2020|Aditivo de duração|Aditivo 4|GUERRA PINTO ENGENHARIA COMERCIO LTDA|0,01|0|
04/10/2019|04/10/2019|31/12/2019|Aditivo de aumento de quantidade|Aditivo 2|T SOARES RODRIGUES COMERCIO VAREJISTA|3.776,95|0|
08/10/2019|08/10/2019|31/12/2019|Contrato original|BIT INFORMATICA LTDA|3.150,00|0|
08/10/2019|08/10/2019|08/11/2019|Contrato original|Z. SAN SOCCER PRODUÇÕES EIRELI|115.000,00|0|
09/10/2019|09/10/2019|09/04/2020|Contrato original|M2A TECNOLOGIA LTDA|4.200,00|0|
10/10/2019|10/10/2019|10/10/2020|Contrato original|EMPRESA BRASILEIRA DE CORREIOS E TELÉGRAFOS|60.000,00|0|
11/10/2019|11/10/2019|31/12/2019|Contrato original|H. F. ROCHA DO VALE EMPREENDIMENTOS - ME|66.600,00|0|
15/10/2019|15/10/2019|13/03/2020|Aditivo de aumento de quantidade|Aditivo 2|LABORATÓRIO DE ANALISES CLINICAS NOBREGA & ANDRANDE LTDA-ME|243.291,75|0|
15/10/2019|15/10/2019|31/12/2019|Aditivo de aumento de quantidade|Aditivo 1|L DE FATIMA RODRIGUES NOGUEIRA DO VALE COMERCIAL DE OXIGENIO|116.490,00|0|
16/10/2019|16/10/2019|04/06/2020|Aditivo de aumento de valor|Aditivo 2|FORTE CONSTRUÇÕES LTDA|141.125,57|0|
16/10/2019|16/10/2019|31/12/2019|Aditivo de aumento de quantidade|Aditivo 1|COSMA SILVA OLIVEIRA|57.750,00|0|
17/10/2019|17/10/2019|31/12/2019|Aditivo de aumento de quantidade|Aditivo 1|FORTE CONSTRUÇÕES LTDA|712.500,00|0|
18/10/2019|18/10/2019|18/11/2019|Contrato original|ASSOCIAÇÃO NACIONAL DE ARTES E CULTURA|40.000,00|0|
18/10/2019|18/10/2019|31/12/2019|Aditivo de aumento de quantidade|Aditivo 2|ESCRITA PUBLICIDADE PROPAGANDA E ASSESSORIA PUBLICA LTDA|4.378,50|0|
21/10/2019|21/10/2019|31/12/2019|Contrato original|FRANCISCO VANILSON DA SILVA MAIA - ME|26.886,00|0|
21/10/2019|21/10/2019|31/12/2019|Contrato original|FRANCISCO VANILSON DA SILVA MAIA - ME|19.583,00|0|
22/10/2019|22/10/2019|20/12/2019|Aditivo de duração|Aditivo 12|FRANCISCO AUDISIO SOARES FERREIRA|3.000,00|0|
23/10/2019|23/10/2019|25/11/2019|Contrato original|LOURIVAL CARDOSO JUNIOR 22641875810|50.000,00|0|
23/10/2019|23/10/2019|25/11/2019|Contrato original|W E PRODUÇÕES ARTISTICAS COMERCIO E SERVIÇOS LTDA-ME|25.000,00|0|
23/10/2019|23/10/2019|31/12/2019|Aditivo de aumento de quantidade|Aditivo 1|HF PNEUS EIRELI|12.705,00|0|
24/10/2019|24/10/2019|27/12/2019|Aditivo de duração|Aditivo 2|ANA PAULA LIMA DE DEUS ARRIGETO|5.600,00|0|
30/10/2019|30/10/2019|31/12/2019|Aditivo de aumento de quantidade|Aditivo 1|ASSOCIAÇÃO ISMAEL EVARISTO DOS REIS|2.900,00|0|
30/10/2019|30/10/2019|31/12/2019|Aditivo de aumento de quantidade|Aditivo 1|ASSOCIAÇÃO COOPERATIVISTA DO PROJETO DE ASSENTAMENTO CAMPOS|8.661,71|0|
30/10/2019|30/10/2019|31/12/2019|Aditivo de aumento de quantidade|Aditivo 1|ASSOCIAÇÃO DOS MORADORES DA COMUNIDADE DE BARREIRAS DOS VIAN|8.854,54|0|
31/10/2019|08/11/2019|08/11/2019|Aditivo de rescisão de contrato|Aditivo 7|HENCLA CONSTRUCOES LTDA|0,00|0|
01/11/2019|01/11/2019|01/11/2020|Contrato original|GECILDA DA SILVA FREITAS 07118151351|7.200,00|0|
05/11/2019|05/11/2019|06/11/2020|Contrato original|RGGN ROCHA GIRAO GERENCIA DE NEGOGIOS LTDA|17.160,00|0|
11/11/2019|11/11/2019|31/12/2019|Contrato original|M G MESQUITA SALDANHA|82.855,00|0|
11/11/2019|11/11/2019|31/12/2019|Contrato original|D.S ANDRADE - ME|25.142,50|0|
11/11/2019|11/11/2019|31/12/2019|Contrato original|T SOARES RODRIGUES COMERCIO VAREJISTA|12.755,10|0|
11/11/2019|11/11/2019|31/12/2019|Contrato original|COSMA SILVA OLIVEIRA|55.440,00|0|
12/11/2019|12/11/2019|31/01/2020|Contrato original|JUREMA PRODUÇÕES E EVENTOS CULTURAIS|250.000,00|0|
14/11/2019|29/11/2019|29/06/2020|Aditivo de duração|Aditivo 2|FALL CONSTRUÇÕES E SERVIÇOS LTDA ME|0,00|0|
14/11/2019|14/11/2019|31/12/2019|Contrato original|TOP COMÉRCIO E INDUSTRIA DE CONFECÇÕES E SERV. EIRELI-EPP|39.827,37|0|
