Data|Unidade gestora|CPF/CNPJ|Natureza da despesa|Modalidade da licitação|Registro|Valor (R$)|
28/10/2019|020 - Sec. Municipal de Finanças|XX.X46.948/3865-50|3.3.90.39.00 - Outros serv. de terc. pessoa jurídica|Outros/não se aplica|Realizado|54,95|
28/10/2019|020 - Sec. Municipal de Finanças|XX.X00.000/0121-06|3.3.90.39.00 - Outros serv. de terc. pessoa jurídica|Outros/não se aplica|Realizado|12,76|
28/10/2019|020 - Sec. Municipal de Finanças|XX.X00.000/0121-06|3.3.90.39.00 - Outros serv. de terc. pessoa jurídica|Outros/não se aplica|Realizado|14,74|
28/10/2019|020 - Sec. Municipal de Finanças|XX.X60.305/0743-02|3.3.90.39.00 - Outros serv. de terc. pessoa jurídica|Outros/não se aplica|Realizado|78,22|
29/10/2019|018 - Gabinete do Prefeito|XXX.379.773-04|3.3.90.36.00 - Outros serv. de terceiros pessoa física|Dispensa|Realizado|1.500,00|
29/10/2019|020 - Sec. Municipal de Finanças|XX.X00.000/0121-06|3.3.90.39.00 - Outros serv. de terc. pessoa jurídica|Outros/não se aplica|Realizado|20,90|
29/10/2019|020 - Sec. Municipal de Finanças|XX.X00.000/0121-06|3.3.90.39.00 - Outros serv. de terc. pessoa jurídica|Outros/não se aplica|Realizado|37,50|
29/10/2019|003 - Fundo Municipal de Saúde|XX.X00.000/0121-06|3.3.90.39.00 - Outros serv. de terc. pessoa jurídica|Outros/não se aplica|Realizado|41,80|
29/10/2019|003 - Fundo Municipal de Saúde|XX.X60.305/0743-02|3.3.90.39.00 - Outros serv. de terc. pessoa jurídica|Outros/não se aplica|Realizado|19,00|
29/10/2019|020 - Sec. Municipal de Finanças|XX.X60.305/0743-02|3.3.90.39.00 - Outros serv. de terc. pessoa jurídica|Outros/não se aplica|Realizado|80,31|
29/10/2019|003 - Fundo Municipal de Saúde|XX.X86.520/0001-02|3.3.71.70.00 - Rateio p/ particip. em consórcio público|Outros/não se aplica|Realizado|29.013,38|
29/10/2019|003 - Fundo Municipal de Saúde|XX.X86.520/0001-02|3.1.71.70.00 - Rateio p/ particip. em consórcio público|Outros/não se aplica|Realizado|34.059,19|
29/10/2019|003 - Fundo Municipal de Saúde|XX.X86.520/0001-02|3.3.71.70.00 - Rateio p/ particip. em consórcio público|Outros/não se aplica|Realizado|91.449,01|
29/10/2019|003 - Fundo Municipal de Saúde|XX.X86.520/0001-02|3.1.71.70.00 - Rateio p/ particip. em consórcio público|Outros/não se aplica|Realizado|107.353,18|
29/10/2019|029 - Secretaria de Infraestrutura e Desenv. Urbano|XX.X41.785/0001-99|4.4.90.51.00 - Obras e instalações|Tomada de preço|Realizado|50.422,11|
29/10/2019|003 - Fundo Municipal de Saúde|3.1.90.11.00 - Vencimentos e vant. fixas pessoal civil|Outros/não se aplica|Realizado|315,10|
29/10/2019|003 - Fundo Municipal de Saúde|3.1.90.11.00 - Vencimentos e vant. fixas pessoal civil|Outros/não se aplica|Realizado|2.045,87|
29/10/2019|003 - Fundo Municipal de Saúde|3.1.90.11.00 - Vencimentos e vant. fixas pessoal civil|Outros/não se aplica|Realizado|2.567,22|
29/10/2019|003 - Fundo Municipal de Saúde|3.1.90.11.00 - Vencimentos e vant. fixas pessoal civil|Outros/não se aplica|Realizado|2.636,48|
29/10/2019|003 - Fundo Municipal de Saúde|3.1.90.11.00 - Vencimentos e vant. fixas pessoal civil|Outros/não se aplica|Realizado|3.030,09|
29/10/2019|003 - Fundo Municipal de Saúde|3.1.90.11.00 - Vencimentos e vant. fixas pessoal civil|Outros/não se aplica|Realizado|4.678,61|
29/10/2019|019 - Sec. de Planejamento e Administração|XX.X72.994/0001-05|3.3.90.39.00 - Outros serv. de terc. pessoa jurídica|Outros/não se aplica|Realizado|232,62|
29/10/2019|003 - Fundo Municipal de Saúde|XX.X06.992/0001-00|3.3.90.39.00 - Outros serv. de terc. pessoa jurídica|Dispensa|Realizado|16.400,00|
29/10/2019|003 - Fundo Municipal de Saúde|XXX.094.023-87|3.3.90.36.00 - Outros serv. de terceiros pessoa física|Dispensa|Realizado|600,00|
29/10/2019|003 - Fundo Municipal de Saúde|XX.X40.363/0001-08|3.3.90.39.00 - Outros serv. de terc. pessoa jurídica|Dispensa|Realizado|2.200,00|
29/10/2019|003 - Fundo Municipal de Saúde|XXX.335.583-04|3.3.90.36.00 - Outros serv. de terceiros pessoa física|Dispensa|Realizado|800,00|
29/10/2019|003 - Fundo Municipal de Saúde|XXX.395.243-68|3.3.90.36.00 - Outros serv. de terceiros pessoa física|Dispensa|Realizado|800,00|
29/10/2019|003 - Fundo Municipal de Saúde|XXX.176.527-92|3.3.90.36.00 - Outros serv. de terceiros pessoa física|Dispensa|Realizado|2.500,00|
29/10/2019|034 - Secretaria de Esporte e Lazer|XX.X16.261/0001-24|3.3.90.30.00 - Material de consumo|Outros/não se aplica|Realizado|89,00|
30/10/2019|003 - Fundo Municipal de Saúde|XX.X31.592/0001-17|3.3.50.43.00 - Subvenções sociais|Outros/não se aplica|Realizado|2.200,00|
30/10/2019|003 - Fundo Municipal de Saúde|XX.X40.185/0001-00|3.3.50.43.00 - Subvenções sociais|Outros/não se aplica|Realizado|2.200,00|
30/10/2019|010 - FUNDEB|XX.X00.000/0121-06|3.3.90.39.00 - Outros serv. de terc. pessoa jurídica|Outros/não se aplica|Realizado|10,45|
30/10/2019|005 - Fundo Municipal de Assistência Social|XX.X00.000/0121-06|3.3.90.39.00 - Outros serv. de terc. pessoa jurídica|Outros/não se aplica|Realizado|10,45|
30/10/2019|027 - Sec. de Cidadania e Desenvolvimento Social|XX.X00.000/0121-06|3.3.90.39.00 - Outros serv. de terc. pessoa jurídica|Outros/não se aplica|Realizado|10,45|
30/10/2019|020 - Sec. Municipal de Finanças|XX.X00.000/0121-06|3.3.90.39.00 - Outros serv. de terc. pessoa jurídica|Outros/não se aplica|Realizado|20,90|
30/10/2019|004 - Fundo Municipal de Educação|XX.X00.000/0121-06|3.3.90.39.00 - Outros serv. de terc. pessoa jurídica|Outros/não se aplica|Realizado|31,35|
30/10/2019|003 - Fundo Municipal de Saúde|XX.X00.000/0121-06|3.3.90.39.00 - Outros serv. de terc. pessoa jurídica|Outros/não se aplica|Realizado|31,35|
30/10/2019|020 - Sec. Municipal de Finanças|XX.X00.000/0121-06|3.3.90.39.00 - Outros serv. de terc. pessoa jurídica|Outros/não se aplica|Realizado|37,50|
30/10/2019|004 - Fundo Municipal de Educação|XX.X00.000/0121-06|3.3.90.39.00 - Outros serv. de terc. pessoa jurídica|Outros/não se aplica|Realizado|42,00|
30/10/2019|004 - Fundo Municipal de Educação|XX.X00.000/0121-06|3.3.90.39.00 - Outros serv. de terc. pessoa jurídica|Outros/não se aplica|Realizado|42,00|
30/10/2019|004 - Fundo Municipal de Educação|XX.X00.000/0121-06|3.3.90.39.00 - Outros serv. de terc. pessoa jurídica|Outros/não se aplica|Realizado|108,50|
30/10/2019|004 - Fundo Municipal de Educação|XX.X00.000/0121-06|3.3.90.39.00 - Outros serv. de terc. pessoa jurídica|Outros/não se aplica|Realizado|135,85|
30/10/2019|005 - Fundo Municipal de Assistência Social|XX.X91.300/0001-75|3.3.90.39.00 - Outros serv. de terc. pessoa jurídica|Outros/não se aplica|Realizado|11.950,00|
30/10/2019|029 - Secretaria de Infraestrutura e Desenv. Urbano|XX.X16.990/0001-89|3.3.90.39.00 - Outros serv. de terc. pessoa jurídica|Concorrência|Realizado|50.264,43|
30/10/2019|029 - Secretaria de Infraestrutura e Desenv. Urbano|XX.X16.990/0001-89|3.3.90.39.00 - Outros serv. de terc. pessoa jurídica|Concorrência|Realizado|241.440,69|
30/10/2019|029 - Secretaria de Infraestrutura e Desenv. Urbano|XX.X16.990/0001-89|3.3.90.39.00 - Outros serv. de terc. pessoa jurídica|Concorrência|Realizado|244.154,10|
30/10/2019|029 - Secretaria de Infraestrutura e Desenv. Urbano|XX.X16.990/0001-89|3.3.90.39.00 - Outros serv. de terc. pessoa jurídica|Concorrência|Realizado|429.563,85|
30/10/2019|005 - Fundo Municipal de Assistência Social|XX.X09.555/0001-02|3.3.90.39.00 - Outros serv. de terc. pessoa jurídica|Outros/não se aplica|Realizado|2.960,00|
30/10/2019|005 - Fundo Municipal de Assistência Social|XX.X09.555/0001-02|3.3.90.39.00 - Outros serv. de terc. pessoa jurídica|Outros/não se aplica|Realizado|4.000,00|
30/10/2019|005 - Fundo Municipal de Assistência Social|XX.X09.555/0001-02|3.3.90.30.00 - Material de consumo|Outros/não se aplica|Realizado|4.250,00|
30/10/2019|020 - Sec. Municipal de Finanças|XX.X60.305/0743-02|3.3.90.39.00 - Outros serv. de terc. pessoa jurídica|Outros/não se aplica|Realizado|7,57|
30/10/2019|010 - FUNDEB|XX.X60.305/0743-02|3.3.90.39.00 - Outros serv. de terc. pessoa jurídica|Outros/não se aplica|Realizado|36,50|
30/10/2019|003 - Fundo Municipal de Saúde|XX.X21.787/0001-81|3.3.50.43.00 - Subvenções sociais|Outros/não se aplica|Realizado|2.200,00|
30/10/2019|030 - Secretaria de Turismo e Cultura|XX.X36.051/0001-01|3.3.90.39.00 - Outros serv. de terc. pessoa jurídica|Pregão|Realizado|350,00|
30/10/2019|004 - Fundo Municipal de Educação|XX.X36.051/0001-01|3.3.90.39.00 - Outros serv. de terc. pessoa jurídica|Pregão|Realizado|350,00|
30/10/2019|031 - Secretaria de Meio Ambiente e Controle Urbano|XX.X36.051/0001-01|3.3.90.39.00 - Outros serv. de terc. pessoa jurídica|Pregão|Realizado|350,00|
30/10/2019|041 - Fundo Mun. de Trânsito|XX.X36.051/0001-01|3.3.90.39.00 - Outros serv. de terc. pessoa jurídica|Pregão|Realizado|350,00|
30/10/2019|035 - Secretaria de Segurança Cidadã e Ord. Pública|XX.X36.051/0001-01|3.3.90.39.00 - Outros serv. de terc. pessoa jurídica|Pregão|Realizado|350,00|
30/10/2019|030 - Secretaria de Turismo e Cultura|XX.X36.051/0001-01|3.3.90.39.00 - Outros serv. de terc. pessoa jurídica|Pregão|Realizado|350,00|
30/10/2019|035 - Secretaria de Segurança Cidadã e Ord. Pública|XX.X36.051/0001-01|3.3.90.39.00 - Outros serv. de terc. pessoa jurídica|Pregão|Realizado|700,00|
30/10/2019|032 - Secretaria de Desenv. Econômico, Trab. e Renda|XX.X36.051/0001-01|3.3.90.39.00 - Outros serv. de terc. pessoa jurídica|Pregão|Realizado|700,00|
30/10/2019|032 - Secretaria de Desenv. Econômico, Trab. e Renda|XX.X36.051/0001-01|3.3.90.39.00 - Outros serv. de terc. pessoa jurídica|Pregão|Realizado|700,00|
30/10/2019|004 - Fundo Municipal de Educação|XX.X36.051/0001-01|3.3.90.39.00 - Outros serv. de terc. pessoa jurídica|Pregão|Realizado|700,00|
30/10/2019|018 - Gabinete do Prefeito|XX.X36.051/0001-01|3.3.90.39.00 - Outros serv. de terc. pessoa jurídica|Pregão|Realizado|1.400,00|
30/10/2019|003 - Fundo Municipal de Saúde|XX.X36.051/0001-01|3.3.90.39.00 - Outros serv. de terc. pessoa jurídica|Pregão|Realizado|3.850,00|
30/10/2019|042 - Casa Civil|XX.X33.253/0001-28|3.3.90.39.00 - Outros serv. de terc. pessoa jurídica|Concorrência|Realizado|632,50|
30/10/2019|027 - Sec. de Cidadania e Desenvolvimento Social|XX.X95.307/0001-97|3.3.90.30.00 - Material de consumo|Outros/não se aplica|Realizado|1.382,00|
30/10/2019|005 - Fundo Municipal de Assistência Social|XX.X13.776/0001-97|3.3.90.39.00 - Outros serv. de terc. pessoa jurídica|Carona|Realizado|660,00|
30/10/2019|005 - Fundo Municipal de Assistência Social|XX.X13.776/0001-97|3.3.90.39.00 - Outros serv. de terc. pessoa jurídica|Carona|Realizado|2.700,00|
30/10/2019|005 - Fundo Municipal de Assistência Social|XX.X13.776/0001-97|3.3.90.39.00 - Outros serv. de terc. pessoa jurídica|Carona|Realizado|6.900,00|
30/10/2019|005 - Fundo Municipal de Assistência Social|XX.X13.776/0001-97|3.3.90.39.00 - Outros serv. de terc. pessoa jurídica|Carona|Realizado|10.000,00|
30/10/2019|005 - Fundo Municipal de Assistência Social|XX.X13.776/0001-97|3.3.90.39.00 - Outros serv. de terc. pessoa jurídica|Carona|Realizado|13.150,00|
30/10/2019|005 - Fundo Municipal de Assistência Social|XX.X13.776/0001-97|3.3.90.39.00 - Outros serv. de terc. pessoa jurídica|Carona|Realizado|15.200,00|
30/10/2019|010 - FUNDEB|XX.X94.481/0006-30|3.3.90.30.00 - Material de consumo|Pregão|Realizado|24.990,79|
30/10/2019|020 - Sec. Municipal de Finanças|XX.X94.460/0409-50|3.3.90.47.00 - Obrigações tributárias e contributivas|Outros/não se aplica|Realizado|0,90|
30/10/2019|031 - Secretaria de Meio Ambiente e Controle Urbano|XX.X94.460/0409-50|3.3.90.39.00 - Outros serv. de terc. pessoa jurídica|Outros/não se aplica|Realizado|200,00|
30/10/2019|020 - Sec. Municipal de Finanças|XX.X94.460/0409-50|3.3.90.47.00 - Obrigações tributárias e contributivas|Outros/não se aplica|Realizado|9.760,50|
31/10/2019|018 - Gabinete do Prefeito|XX.X32.135/0001-49|3.3.90.39.00 - Outros serv. de terc. pessoa jurídica|Concorrência|Realizado|21.000,00|
31/10/2019|004 - Fundo Municipal de Educação|XX.X00.000/0121-06|3.3.90.39.00 - Outros serv. de terc. pessoa jurídica|Outros/não se aplica|Realizado|10,45|
31/10/2019|020 - Sec. Municipal de Finanças|XX.X00.000/0121-06|3.3.90.39.00 - Outros serv. de terc. pessoa jurídica|Outros/não se aplica|Realizado|10,45|
31/10/2019|020 - Sec. Municipal de Finanças|XX.X00.000/0121-06|3.3.90.39.00 - Outros serv. de terc. pessoa jurídica|Outros/não se aplica|Realizado|67,50|
31/10/2019|010 - FUNDEB|XX.X00.000/0121-06|3.3.90.39.00 - Outros serv. de terc. pessoa jurídica|Outros/não se aplica|Realizado|73,15|
31/10/2019|020 - Sec. Municipal de Finanças|XX.X60.305/0743-02|3.3.90.39.00 - Outros serv. de terc. pessoa jurídica|Outros/não se aplica|Realizado|9,50|
31/10/2019|029 - Secretaria de Infraestrutura e Desenv. Urbano|XX.X60.305/0743-02|3.3.90.39.00 - Outros serv. de terc. pessoa jurídica|Outros/não se aplica|Realizado|9,50|
31/10/2019|020 - Sec. Municipal de Finanças|XX.X60.305/0743-02|3.3.90.39.00 - Outros serv. de terc. pessoa jurídica|Outros/não se aplica|Realizado|96,63|
31/10/2019|010 - FUNDEB|XX.X26.794/0003-73|3.3.90.30.00 - Material de consumo|Pregão|Realizado|1.200,00|
31/10/2019|010 - FUNDEB|XX.X26.794/0003-73|3.3.90.30.00 - Material de consumo|Pregão|Realizado|6.300,00|
31/10/2019|029 - Secretaria de Infraestrutura e Desenv. Urbano|XX.X29.252/0001-04|3.3.90.39.00 - Outros serv. de terc. pessoa jurídica|Outros/não se aplica|Realizado|94,76|
31/10/2019|029 - Secretaria de Infraestrutura e Desenv. Urbano|XX.X35.601/0001-50|3.3.90.39.00 - Outros serv. de terc. pessoa jurídica|Outros/não se aplica|Realizado|85,96|
31/10/2019|010 - FUNDEB|XX.X47.251/0001-70|3.3.90.39.00 - Outros serv. de terc. pessoa jurídica|Outros/não se aplica|Realizado|3.710,10|
31/10/2019|010 - FUNDEB|XX.X47.251/0001-70|3.3.90.39.00 - Outros serv. de terc. pessoa jurídica|Outros/não se aplica|Realizado|5.380,74|
31/10/2019|034 - Secretaria de Esporte e Lazer|XX.X07.744/0001-64|3.3.90.39.00 - Outros serv. de terc. pessoa jurídica|Outros/não se aplica|Realizado|1.330,00|
31/10/2019|010 - FUNDEB|3.1.90.04.00 - Contratação por tempo determinado|Outros/não se aplica|Realizado|2.690,16|
31/10/2019|010 - FUNDEB|3.1.90.11.00 - Vencimentos e vant. fixas pessoal civil|Outros/não se aplica|Realizado|42.054,37|
31/10/2019|004 - Fundo Municipal de Educação|3.1.90.11.00 - Vencimentos e vant. fixas pessoal civil|Outros/não se aplica|Realizado|4.024,00|
31/10/2019|004 - Fundo Municipal de Educação|3.1.90.11.00 - Vencimentos e vant. fixas pessoal civil|Outros/não se aplica|Realizado|7.427,00|
31/10/2019|004 - Fundo Municipal de Educação|3.1.90.11.00 - Vencimentos e vant. fixas pessoal civil|Outros/não se aplica|Realizado|10.000,00|
31/10/2019|004 - Fundo Municipal de Educação|3.1.90.11.00 - Vencimentos e vant. fixas pessoal civil|Outros/não se aplica|Realizado|12.928,20|
31/10/2019|004 - Fundo Municipal de Educação|3.1.90.11.00 - Vencimentos e vant. fixas pessoal civil|Outros/não se aplica|Realizado|30.192,32|
31/10/2019|010 - FUNDEB|3.1.90.11.00 - Vencimentos e vant. fixas pessoal civil|Outros/não se aplica|Realizado|6.249,58|
31/10/2019|010 - FUNDEB|3.1.90.04.00 - Contratação por tempo determinado|Outros/não se aplica|Realizado|23.628,64|
31/10/2019|010 - FUNDEB|3.1.90.11.00 - Vencimentos e vant. fixas pessoal civil|Outros/não se aplica|Realizado|43.310,06|
31/10/2019|010 - FUNDEB|3.1.90.11.00 - Vencimentos e vant. fixas pessoal civil|Outros/não se aplica|Realizado|230.302,75|
31/10/2019|010 - FUNDEB|3.1.90.04.00 - Contratação por tempo determinado|Outros/não se aplica|Realizado|278.412,68|
31/10/2019|010 - FUNDEB|3.1.90.11.00 - Vencimentos e vant. fixas pessoal civil|Outros/não se aplica|Realizado|46.050,00|
31/10/2019|010 - FUNDEB|3.1.90.04.00 - Contratação por tempo determinado|Outros/não se aplica|Realizado|664.290,38|
31/10/2019|010 - FUNDEB|3.1.90.11.00 - Vencimentos e vant. fixas pessoal civil|Outros/não se aplica|Realizado|1.162.178,46|
31/10/2019|010 - FUNDEB|3.1.90.11.00 - Vencimentos e vant. fixas pessoal civil|Outros/não se aplica|Realizado|8.145,61|
31/10/2019|010 - FUNDEB|3.1.90.04.00 - Contratação por tempo determinado|Outros/não se aplica|Realizado|22.385,41|
31/10/2019|010 - FUNDEB|3.1.90.11.00 - Vencimentos e vant. fixas pessoal civil|Outros/não se aplica|Realizado|108.432,38|
31/10/2019|010 - FUNDEB|3.1.90.04.00 - Contratação por tempo determinado|Outros/não se aplica|Realizado|235.555,61|
31/10/2019|029 - Secretaria de Infraestrutura e Desenv. Urbano|XX.X64.420/0001-03|3.3.90.39.00 - Outros serv. de terc. pessoa jurídica|Concorrência|Realizado|62.762,40|
31/10/2019|029 - Secretaria de Infraestrutura e Desenv. Urbano|XX.X64.420/0001-03|3.3.90.39.00 - Outros serv. de terc. pessoa jurídica|Concorrência|Realizado|153.928,60|
31/10/2019|020 - Sec. Municipal de Finanças|XX.X94.460/0409-50|4.6.90.71.00 - Principal da dívida contratual resgatado|Outros/não se aplica|Realizado|1.149,71|
31/10/2019|020 - Sec. Municipal de Finanças|XX.X94.460/0409-50|4.6.90.71.00 - Principal da dívida contratual resgatado|Outros/não se aplica|Realizado|1.867,26|
31/10/2019|020 - Sec. Municipal de Finanças|XX.X94.460/0409-50|4.6.90.71.00 - Principal da dívida contratual resgatado|Outros/não se aplica|Realizado|2.736,92|
31/10/2019|020 - Sec. Municipal de Finanças|XX.X94.460/0409-50|4.6.90.71.00 - Principal da dívida contratual resgatado|Outros/não se aplica|Realizado|7.445,00|
31/10/2019|020 - Sec. Municipal de Finanças|XX.X94.460/0409-50|4.6.90.71.00 - Principal da dívida contratual resgatado|Outros/não se aplica|Realizado|21.735,79|
31/10/2019|020 - Sec. Municipal de Finanças|XX.X94.460/0409-50|4.6.90.71.00 - Principal da dívida contratual resgatado|Outros/não se aplica|Realizado|24.235,05|
31/10/2019|020 - Sec. Municipal de Finanças|XX.X94.460/0409-50|4.6.90.71.00 - Principal da dívida contratual resgatado|Outros/não se aplica|Realizado|60.979,24|
31/10/2019|029 - Secretaria de Infraestrutura e Desenv. Urbano|XX.X44.530/0001-01|4.4.90.61.00 - Aquisição de imóveis|Outros/não se aplica|Realizado|134.844,70|
01/11/2019|033 - Secretaria de Desenv. Agrário e Rec.  Hídricos|XX.X75.938/0001-07|3.3.90.39.00 - Outros serv. de terc. pessoa jurídica|Outros/não se aplica|Realizado|54.489,19|
01/11/2019|029 - Secretaria de Infraestrutura e Desenv. Urbano|XX.X35.601/0001-50|3.3.90.39.00 - Outros serv. de terc. pessoa jurídica|Outros/não se aplica|Realizado|85,96|
01/11/2019|003 - Fundo Municipal de Saúde|XX.X35.601/0001-50|3.3.90.39.00 - Outros serv. de terc. pessoa jurídica|Outros/não se aplica|Realizado|85,96|
01/11/2019|029 - Secretaria de Infraestrutura e Desenv. Urbano|XX.X47.251/0001-70|3.3.90.39.00 - Outros serv. de terc. pessoa jurídica|Outros/não se aplica|Realizado|6.769,82|
01/11/2019|029 - Secretaria de Infraestrutura e Desenv. Urbano|XX.X47.251/0001-70|3.3.90.39.00 - Outros serv. de terc. pessoa jurídica|Outros/não se aplica|Realizado|68.718,82|
01/11/2019|004 - Fundo Municipal de Educação|XX.X05.521/0001-14|4.4.90.51.00 - Obras e instalações|Tomada de preço|Realizado|203.043,86|
01/11/2019|042 - Casa Civil|3.1.90.11.00 - Vencimentos e vant. fixas pessoal civil|Outros/não se aplica|Realizado|10.000,00|
01/11/2019|042 - Casa Civil|3.1.90.11.00 - Vencimentos e vant. fixas pessoal civil|Outros/não se aplica|Realizado|32.966,73|
01/11/2019|044 - Controladoria e Ouvidoria Geral do Município|3.1.90.11.00 - Vencimentos e vant. fixas pessoal civil|Outros/não se aplica|Realizado|1.500,00|
01/11/2019|044 - Controladoria e Ouvidoria Geral do Município|3.1.90.11.00 - Vencimentos e vant. fixas pessoal civil|Outros/não se aplica|Realizado|5.231,90|
01/11/2019|044 - Controladoria e Ouvidoria Geral do Município|3.1.90.11.00 - Vencimentos e vant. fixas pessoal civil|Outros/não se aplica|Realizado|5.998,00|
01/11/2019|044 - Controladoria e Ouvidoria Geral do Município|3.1.90.11.00 - Vencimentos e vant. fixas pessoal civil|Outros/não se aplica|Realizado|10.000,00|
01/11/2019|003 - Fundo Municipal de Saúde|3.1.90.04.00 - Contratação por tempo determinado|Outros/não se aplica|Realizado|1.500,00|
01/11/2019|003 - Fundo Municipal de Saúde|3.1.90.04.00 - Contratação por tempo determinado|Outros/não se aplica|Realizado|2.400,00|
01/11/2019|003 - Fundo Municipal de Saúde|3.1.90.04.00 - Contratação por tempo determinado|Outros/não se aplica|Realizado|4.733,52|
01/11/2019|003 - Fundo Municipal de Saúde|3.1.90.04.00 - Contratação por tempo determinado|Outros/não se aplica|Realizado|5.731,52|
01/11/2019|003 - Fundo Municipal de Saúde|3.1.90.11.00 - Vencimentos e vant. fixas pessoal civil|Outros/não se aplica|Realizado|10.000,00|
01/11/2019|003 - Fundo Municipal de Saúde|3.1.90.04.00 - Contratação por tempo determinado|Outros/não se aplica|Realizado|10.803,52|
01/11/2019|003 - Fundo Municipal de Saúde|3.1.90.04.00 - Contratação por tempo determinado|Outros/não se aplica|Realizado|17.888,32|
01/11/2019|003 - Fundo Municipal de Saúde|3.1.90.04.00 - Contratação por tempo determinado|Outros/não se aplica|Realizado|29.374,93|
01/11/2019|003 - Fundo Municipal de Saúde|3.1.90.11.00 - Vencimentos e vant. fixas pessoal civil|Outros/não se aplica|Realizado|31.307,20|
01/11/2019|003 - Fundo Municipal de Saúde|3.1.90.04.00 - Contratação por tempo determinado|Outros/não se aplica|Realizado|49.979,55|
01/11/2019|003 - Fundo Municipal de Saúde|3.1.90.11.00 - Vencimentos e vant. fixas pessoal civil|Outros/não se aplica|Realizado|66.176,15|
01/11/2019|003 - Fundo Municipal de Saúde|3.1.90.11.00 - Vencimentos e vant. fixas pessoal civil|Outros/não se aplica|Realizado|67.685,57|
01/11/2019|003 - Fundo Municipal de Saúde|3.1.90.11.00 - Vencimentos e vant. fixas pessoal civil|Outros/não se aplica|Realizado|90.796,16|
01/11/2019|003 - Fundo Municipal de Saúde|3.1.90.11.00 - Vencimentos e vant. fixas pessoal civil|Outros/não se aplica|Realizado|95.220,02|
01/11/2019|003 - Fundo Municipal de Saúde|3.1.90.11.00 - Vencimentos e vant. fixas pessoal civil|Outros/não se aplica|Realizado|113.426,45|
01/11/2019|003 - Fundo Municipal de Saúde|3.1.90.11.00 - Vencimentos e vant. fixas pessoal civil|Outros/não se aplica|Realizado|128.860,29|
01/11/2019|003 - Fundo Municipal de Saúde|3.1.90.11.00 - Vencimentos e vant. fixas pessoal civil|Outros/não se aplica|Realizado|161.602,31|
01/11/2019|019 - Sec. de Planejamento e Administração|3.1.90.11.00 - Vencimentos e vant. fixas pessoal civil|Outros/não se aplica|Realizado|10.000,00|
01/11/2019|019 - Sec. de Planejamento e Administração|3.1.90.11.00 - Vencimentos e vant. fixas pessoal civil|Outros/não se aplica|Realizado|15.956,39|
01/11/2019|019 - Sec. de Planejamento e Administração|3.1.90.11.00 - Vencimentos e vant. fixas pessoal civil|Outros/não se aplica|Realizado|56.712,20|
01/11/2019|019 - Sec. de Planejamento e Administração|3.1.90.04.00 - Contratação por tempo determinado|Outros/não se aplica|Realizado|62.598,40|
01/11/2019|041 - Fundo Mun. de Trânsito|3.1.90.11.00 - Vencimentos e vant. fixas pessoal civil|Outros/não se aplica|Realizado|13.354,14|
01/11/2019|034 - Secretaria de Esporte e Lazer|3.1.90.11.00 - Vencimentos e vant. fixas pessoal civil|Outros/não se aplica|Realizado|1.260,42|
01/11/2019|034 - Secretaria de Esporte e Lazer|3.1.90.04.00 - Contratação por tempo determinado|Outros/não se aplica|Realizado|4.492,44|
01/11/2019|034 - Secretaria de Esporte e Lazer|3.1.90.11.00 - Vencimentos e vant. fixas pessoal civil|Outros/não se aplica|Realizado|10.000,00|
01/11/2019|034 - Secretaria de Esporte e Lazer|3.1.90.11.00 - Vencimentos e vant. fixas pessoal civil|Outros/não se aplica|Realizado|37.420,47|
01/11/2019|020 - Sec. Municipal de Finanças|3.1.90.04.00 - Contratação por tempo determinado|Outros/não se aplica|Realizado|4.831,52|
01/11/2019|020 - Sec. Municipal de Finanças|3.1.90.11.00 - Vencimentos e vant. fixas pessoal civil|Outros/não se aplica|Realizado|10.000,00|
01/11/2019|020 - Sec. Municipal de Finanças|3.1.90.11.00 - Vencimentos e vant. fixas pessoal civil|Outros/não se aplica|Realizado|25.004,20|
01/11/2019|020 - Sec. Municipal de Finanças|3.1.90.11.00 - Vencimentos e vant. fixas pessoal civil|Outros/não se aplica|Realizado|130.769,39|
01/11/2019|018 - Gabinete do Prefeito|3.1.90.11.00 - Vencimentos e vant. fixas pessoal civil|Outros/não se aplica|Realizado|3.119,00|
01/11/2019|018 - Gabinete do Prefeito|3.1.90.04.00 - Contratação por tempo determinado|Outros/não se aplica|Realizado|4.990,00|
01/11/2019|018 - Gabinete do Prefeito|3.1.90.11.00 - Vencimentos e vant. fixas pessoal civil|Outros/não se aplica|Realizado|7.043,92|
01/11/2019|018 - Gabinete do Prefeito|3.1.90.11.00 - Vencimentos e vant. fixas pessoal civil|Outros/não se aplica|Realizado|9.860,00|
01/11/2019|018 - Gabinete do Prefeito|3.1.90.11.00 - Vencimentos e vant. fixas pessoal civil|Outros/não se aplica|Realizado|10.000,00|
01/11/2019|018 - Gabinete do Prefeito|3.1.90.11.00 - Vencimentos e vant. fixas pessoal civil|Outros/não se aplica|Realizado|14.790,00|
01/11/2019|018 - Gabinete do Prefeito|3.1.90.11.00 - Vencimentos e vant. fixas pessoal civil|Outros/não se aplica|Realizado|106.665,00|
01/11/2019|035 - Secretaria de Segurança Cidadã e Ord. Pública|3.1.90.11.00 - Vencimentos e vant. fixas pessoal civil|Outros/não se aplica|Realizado|10.000,00|
01/11/2019|035 - Secretaria de Segurança Cidadã e Ord. Pública|3.1.90.11.00 - Vencimentos e vant. fixas pessoal civil|Outros/não se aplica|Realizado|36.173,44|
01/11/2019|035 - Secretaria de Segurança Cidadã e Ord. Pública|3.1.90.11.00 - Vencimentos e vant. fixas pessoal civil|Outros/não se aplica|Realizado|83.617,93|
01/11/2019|035 - Secretaria de Segurança Cidadã e Ord. Pública|3.1.90.11.00 - Vencimentos e vant. fixas pessoal civil|Outros/não se aplica|Realizado|87.498,10|
01/11/2019|029 - Secretaria de Infraestrutura e Desenv. Urbano|3.1.90.11.00 - Vencimentos e vant. fixas pessoal civil|Outros/não se aplica|Realizado|10.000,00|
01/11/2019|029 - Secretaria de Infraestrutura e Desenv. Urbano|3.1.90.04.00 - Contratação por tempo determinado|Outros/não se aplica|Realizado|61.263,19|
01/11/2019|029 - Secretaria de Infraestrutura e Desenv. Urbano|3.1.90.11.00 - Vencimentos e vant. fixas pessoal civil|Outros/não se aplica|Realizado|80.909,96|
01/11/2019|029 - Secretaria de Infraestrutura e Desenv. Urbano|3.1.90.11.00 - Vencimentos e vant. fixas pessoal civil|Outros/não se aplica|Realizado|95.898,47|
01/11/2019|031 - Secretaria de Meio Ambiente e Controle Urbano|3.1.90.04.00 - Contratação por tempo determinado|Outros/não se aplica|Realizado|1.996,00|
01/11/2019|031 - Secretaria de Meio Ambiente e Controle Urbano|3.1.90.11.00 - Vencimentos e vant. fixas pessoal civil|Outros/não se aplica|Realizado|6.724,35|
01/11/2019|031 - Secretaria de Meio Ambiente e Controle Urbano|3.1.90.11.00 - Vencimentos e vant. fixas pessoal civil|Outros/não se aplica|Realizado|13.928,20|
01/11/2019|044 - Controladoria e Ouvidoria Geral do Município|3.1.90.11.00 - Vencimentos e vant. fixas pessoal civil|Outros/não se aplica|Realizado|998,00|
01/11/2019|044 - Controladoria e Ouvidoria Geral do Município|3.1.90.11.00 - Vencimentos e vant. fixas pessoal civil|Outros/não se aplica|Realizado|1.500,00|
01/11/2019|043 - Procuradoria Geral do Município|3.1.90.04.00 - Contratação por tempo determinado|Outros/não se aplica|Realizado|644,00|
01/11/2019|043 - Procuradoria Geral do Município|3.1.90.04.00 - Contratação por tempo determinado|Outros/não se aplica|Realizado|3.354,00|
01/11/2019|043 - Procuradoria Geral do Município|3.1.90.11.00 - Vencimentos e vant. fixas pessoal civil|Outros/não se aplica|Realizado|12.659,86|
01/11/2019|043 - Procuradoria Geral do Município|3.1.90.11.00 - Vencimentos e vant. fixas pessoal civil|Outros/não se aplica|Realizado|34.821,04|
01/11/2019|043 - Procuradoria Geral do Município|3.1.90.11.00 - Vencimentos e vant. fixas pessoal civil|Outros/não se aplica|Realizado|40.017,18|
01/11/2019|005 - Fundo Municipal de Assistência Social|3.1.90.11.00 - Vencimentos e vant. fixas pessoal civil|Outros/não se aplica|Realizado|4.519,31|
01/11/2019|005 - Fundo Municipal de Assistência Social|3.1.90.11.00 - Vencimentos e vant. fixas pessoal civil|Outros/não se aplica|Realizado|4.521,31|
01/11/2019|005 - Fundo Municipal de Assistência Social|3.1.90.04.00 - Contratação por tempo determinado|Outros/não se aplica|Realizado|7.564,14|
01/11/2019|005 - Fundo Municipal de Assistência Social|3.1.90.04.00 - Contratação por tempo determinado|Outros/não se aplica|Realizado|8.196,58|
01/11/2019|027 - Sec. de Cidadania e Desenvolvimento Social|3.1.90.04.00 - Contratação por tempo determinado|Outros/não se aplica|Realizado|9.980,00|
01/11/2019|027 - Sec. de Cidadania e Desenvolvimento Social|3.1.90.11.00 - Vencimentos e vant. fixas pessoal civil|Outros/não se aplica|Realizado|10.000,00|
01/11/2019|027 - Sec. de Cidadania e Desenvolvimento Social|3.1.90.11.00 - Vencimentos e vant. fixas pessoal civil|Outros/não se aplica|Realizado|22.147,01|
01/11/2019|027 - Sec. de Cidadania e Desenvolvimento Social|3.1.90.04.00 - Contratação por tempo determinado|Outros/não se aplica|Realizado|40.784,24|
01/11/2019|027 - Sec. de Cidadania e Desenvolvimento Social|3.1.90.11.00 - Vencimentos e vant. fixas pessoal civil|Outros/não se aplica|Realizado|47.422,20|
01/11/2019|033 - Secretaria de Desenv. Agrário e Rec.  Hídricos|3.1.90.11.00 - Vencimentos e vant. fixas pessoal civil|Outros/não se aplica|Realizado|5.398,83|
01/11/2019|033 - Secretaria de Desenv. Agrário e Rec.  Hídricos|3.1.90.04.00 - Contratação por tempo determinado|Outros/não se aplica|Realizado|7.699,98|
01/11/2019|033 - Secretaria de Desenv. Agrário e Rec.  Hídricos|3.1.90.11.00 - Vencimentos e vant. fixas pessoal civil|Outros/não se aplica|Realizado|10.000,00|
01/11/2019|033 - Secretaria de Desenv. Agrário e Rec.  Hídricos|3.1.90.11.00 - Vencimentos e vant. fixas pessoal civil|Outros/não se aplica|Realizado|24.916,20|
01/11/2019|032 - Secretaria de Desenv. Econômico, Trab. e Renda|3.1.90.04.00 - Contratação por tempo determinado|Outros/não se aplica|Realizado|852,54|
01/11/2019|032 - Secretaria de Desenv. Econômico, Trab. e Renda|3.1.90.04.00 - Contratação por tempo determinado|Outros/não se aplica|Realizado|1.382,98|
01/11/2019|032 - Secretaria de Desenv. Econômico, Trab. e Renda|3.1.90.11.00 - Vencimentos e vant. fixas pessoal civil|Outros/não se aplica|Realizado|3.564,59|
01/11/2019|032 - Secretaria de Desenv. Econômico, Trab. e Renda|3.1.90.11.00 - Vencimentos e vant. fixas pessoal civil|Outros/não se aplica|Realizado|10.000,00|
01/11/2019|032 - Secretaria de Desenv. Econômico, Trab. e Renda|3.1.90.11.00 - Vencimentos e vant. fixas pessoal civil|Outros/não se aplica|Realizado|23.430,20|
01/11/2019|035 - Secretaria de Segurança Cidadã e Ord. Pública|3.1.90.04.00 - Contratação por tempo determinado|Outros/não se aplica|Realizado|9.694,16|
01/11/2019|035 - Secretaria de Segurança Cidadã e Ord. Pública|3.1.90.11.00 - Vencimentos e vant. fixas pessoal civil|Outros/não se aplica|Realizado|10.000,00|
01/11/2019|035 - Secretaria de Segurança Cidadã e Ord. Pública|3.1.90.11.00 - Vencimentos e vant. fixas pessoal civil|Outros/não se aplica|Realizado|11.919,76|
01/11/2019|030 - Secretaria de Turismo e Cultura|3.1.90.04.00 - Contratação por tempo determinado|Outros/não se aplica|Realizado|8.223,52|
01/11/2019|030 - Secretaria de Turismo e Cultura|3.1.90.11.00 - Vencimentos e vant. fixas pessoal civil|Outros/não se aplica|Realizado|10.000,00|
01/11/2019|030 - Secretaria de Turismo e Cultura|3.1.90.11.00 - Vencimentos e vant. fixas pessoal civil|Outros/não se aplica|Realizado|25.924,20|
01/11/2019|030 - Secretaria de Turismo e Cultura|3.1.90.11.00 - Vencimentos e vant. fixas pessoal civil|Outros/não se aplica|Realizado|30.811,93|
01/11/2019|030 - Secretaria de Turismo e Cultura|3.1.90.04.00 - Contratação por tempo determinado|Outros/não se aplica|Realizado|32.069,07|
01/11/2019|029 - Secretaria de Infraestrutura e Desenv. Urbano|XX.X54.650/0001-23|4.4.90.51.00 - Obras e instalações|Concorrência|Realizado|125.508,24|
01/11/2019|020 - Sec. Municipal de Finanças|XX.X94.460/0409-50|3.3.90.47.00 - Obrigações tributárias e contributivas|Outros/não se aplica|Realizado|10,64|
01/11/2019|020 - Sec. Municipal de Finanças|XX.X94.460/0409-50|3.3.90.47.00 - Obrigações tributárias e contributivas|Outros/não se aplica|Realizado|90,03|
05/11/2019|003 - Fundo Municipal de Saúde|XX.X26.998/0007-00|3.3.50.43.00 - Subvenções sociais|Outros/não se aplica|Realizado|212.446,71|
06/11/2019|010 - FUNDEB|XX.X80.609/0001-57|4.4.90.52.00 - Equipamentos e material permanente|Pregão|Realizado|163.200,00|
06/11/2019|003 - Fundo Municipal de Saúde|XXX.598.113-69|3.3.90.48.00 - Outros aux. finan. a pessoas físicas|Outros/não se aplica|Realizado|1.600,00|
06/11/2019|003 - Fundo Municipal de Saúde|XXX.836.965-09|3.3.90.48.00 - Outros aux. finan. a pessoas físicas|Outros/não se aplica|Realizado|1.600,00|
06/11/2019|010 - FUNDEB|XXX.207.953-91|3.3.90.36.00 - Outros serv. de terceiros pessoa física|Dispensa|Realizado|1.300,00|
06/11/2019|004 - Fundo Municipal de Educação|XXX.625.173-00|3.3.90.36.00 - Outros serv. de terceiros pessoa física|Dispensa|Realizado|2.760,00|
06/11/2019|003 - Fundo Municipal de Saúde|XXX.162.971-15|3.3.90.48.00 - Outros aux. finan. a pessoas físicas|Outros/não se aplica|Realizado|1.600,00|
06/11/2019|004 - Fundo Municipal de Educação|XX.X55.669/0001-42|3.3.90.39.00 - Outros serv. de terc. pessoa jurídica|Pregão|Realizado|68.815,08|
06/11/2019|005 - Fundo Municipal de Assistência Social|XX.X26.794/0003-73|3.3.90.30.00 - Material de consumo|Pregão|Realizado|150,00|
06/11/2019|005 - Fundo Municipal de Assistência Social|XX.X26.794/0003-73|3.3.90.30.00 - Material de consumo|Pregão|Realizado|150,00|
06/11/2019|003 - Fundo Municipal de Saúde|XXX.418.633-15|3.3.90.48.00 - Outros aux. finan. a pessoas físicas|Outros/não se aplica|Realizado|1.600,00|
06/11/2019|003 - Fundo Municipal de Saúde|XX.X35.668/0001-95|3.3.90.39.00 - Outros serv. de terc. pessoa jurídica|Outros/não se aplica|Realizado|149,12|
06/11/2019|029 - Secretaria de Infraestrutura e Desenv. Urbano|XX.X35.668/0001-95|3.3.90.39.00 - Outros serv. de terc. pessoa jurídica|Outros/não se aplica|Realizado|149,12|
06/11/2019|041 - Fundo Mun. de Trânsito|XX.X29.565/0001-01|3.3.90.39.00 - Outros serv. de terc. pessoa jurídica|Pregão|Realizado|9.600,00|
06/11/2019|041 - Fundo Mun. de Trânsito|XX.X29.565/0001-01|3.3.90.39.00 - Outros serv. de terc. pessoa jurídica|Pregão|Realizado|18.000,00|
06/11/2019|003 - Fundo Municipal de Saúde|XXX.834.573-27|3.3.90.48.00 - Outros aux. finan. a pessoas físicas|Outros/não se aplica|Realizado|1.600,00|
06/11/2019|004 - Fundo Municipal de Educação|XXX.253.303-91|3.3.90.36.00 - Outros serv. de terceiros pessoa física|Dispensa|Realizado|2.302,99|
06/11/2019|005 - Fundo Municipal de Assistência Social|XX.X47.840/0001-35|3.3.90.30.00 - Material de consumo|Pregão|Realizado|138,00|
06/11/2019|005 - Fundo Municipal de Assistência Social|XX.X47.840/0001-35|3.3.90.30.00 - Material de consumo|Pregão|Realizado|1.876,00|
06/11/2019|003 - Fundo Municipal de Saúde|XXX.853.024-98|3.3.90.48.00 - Outros aux. finan. a pessoas físicas|Outros/não se aplica|Realizado|1.600,00|
06/11/2019|004 - Fundo Municipal de Educação|XX.X84.756/0001-46|3.3.90.36.00 - Outros serv. de terceiros pessoa física|Outros/não se aplica|Realizado|18.706,66|
06/11/2019|041 - Fundo Mun. de Trânsito|XXX.024.493-91|3.3.90.36.00 - Outros serv. de terceiros pessoa física|Dispensa|Realizado|2.000,00|
06/11/2019|029 - Secretaria de Infraestrutura e Desenv. Urbano|XX.X76.846/0001-58|3.3.90.39.00 - Outros serv. de terc. pessoa jurídica|Carona|Realizado|12.858,44|
06/11/2019|029 - Secretaria de Infraestrutura e Desenv. Urbano|XX.X76.846/0001-58|3.3.90.39.00 - Outros serv. de terc. pessoa jurídica|Carona|Realizado|19.419,20|
06/11/2019|029 - Secretaria de Infraestrutura e Desenv. Urbano|XX.X76.846/0001-58|3.3.90.39.00 - Outros serv. de terc. pessoa jurídica|Carona|Realizado|20.641,18|
06/11/2019|029 - Secretaria de Infraestrutura e Desenv. Urbano|XX.X76.846/0001-58|3.3.90.39.00 - Outros serv. de terc. pessoa jurídica|Carona|Realizado|37.381,96|
06/11/2019|020 - Sec. Municipal de Finanças|XX.X03.684/0001-93|3.3.90.39.00 - Outros serv. de terc. pessoa jurídica|Pregão|Realizado|20.000,00|
06/11/2019|010 - FUNDEB|XX.X53.228/0001-53|3.3.90.39.00 - Outros serv. de terc. pessoa jurídica|Pregão|Realizado|295.444,20|
06/11/2019|003 - Fundo Municipal de Saúde|XXX.927.653-34|3.3.90.48.00 - Outros aux. finan. a pessoas físicas|Outros/não se aplica|Realizado|600,00|
06/11/2019|005 - Fundo Municipal de Assistência Social|XX.X06.992/0001-00|3.3.90.39.00 - Outros serv. de terc. pessoa jurídica|Dispensa|Realizado|11.800,00|
06/11/2019|005 - Fundo Municipal de Assistência Social|XX.X06.992/0001-00|3.3.90.39.00 - Outros serv. de terc. pessoa jurídica|Dispensa|Realizado|11.800,00|
06/11/2019|003 - Fundo Municipal de Saúde|XXX.586.158-05|3.3.90.48.00 - Outros aux. finan. a pessoas físicas|Outros/não se aplica|Realizado|1.600,00|
06/11/2019|010 - FUNDEB|XXX.623.723-00|3.3.90.36.00 - Outros serv. de terceiros pessoa física|Dispensa|Realizado|2.350,00|
06/11/2019|004 - Fundo Municipal de Educação|XXX.035.693-04|3.3.90.36.00 - Outros serv. de terceiros pessoa física|Dispensa|Realizado|421,60|
06/11/2019|003 - Fundo Municipal de Saúde|XXX.011.943-49|3.3.90.36.00 - Outros serv. de terceiros pessoa física|Dispensa|Realizado|1.500,00|
06/11/2019|004 - Fundo Municipal de Educação|XXX.285.163-34|3.3.90.36.00 - Outros serv. de terceiros pessoa física|Dispensa|Realizado|3.689,00|
06/11/2019|003 - Fundo Municipal de Saúde|XXX.496.493-92|3.3.90.48.00 - Outros aux. finan. a pessoas físicas|Outros/não se aplica|Realizado|1.600,00|
06/11/2019|029 - Secretaria de Infraestrutura e Desenv. Urbano|XX.X64.420/0001-03|3.3.90.39.00 - Outros serv. de terc. pessoa jurídica|Concorrência|Realizado|81.416,38|
06/11/2019|003 - Fundo Municipal de Saúde|XXX.081.017-19|3.3.90.48.00 - Outros aux. finan. a pessoas físicas|Outros/não se aplica|Realizado|1.600,00|
06/11/2019|003 - Fundo Municipal de Saúde|XXX.522.981-59|3.3.90.48.00 - Outros aux. finan. a pessoas físicas|Outros/não se aplica|Realizado|1.600,00|
06/11/2019|003 - Fundo Municipal de Saúde|XX.X48.608/0001-04|3.3.90.39.00 - Outros serv. de terc. pessoa jurídica|Outros/não se aplica|Realizado|16,71|
06/11/2019|029 - Secretaria de Infraestrutura e Desenv. Urbano|XX.X48.608/0001-04|3.3.90.39.00 - Outros serv. de terc. pessoa jurídica|Outros/não se aplica|Realizado|16,71|
07/11/2019|029 - Secretaria de Infraestrutura e Desenv. Urbano|XX.X38.442/0001-16|3.3.90.30.00 - Material de consumo|Pregão|Realizado|60.001,24|
07/11/2019|034 - Secretaria de Esporte e Lazer|XX.X08.656/0001-61|3.3.90.39.00 - Outros serv. de terc. pessoa jurídica|Outros/não se aplica|Realizado|8.505,00|
07/11/2019|003 - Fundo Municipal de Saúde|XX.X26.794/0003-73|3.3.90.30.00 - Material de consumo|Pregão|Realizado|2.250,00|
07/11/2019|003 - Fundo Municipal de Saúde|XX.X26.794/0003-73|3.3.90.30.00 - Material de consumo|Pregão|Realizado|2.384,00|
07/11/2019|020 - Sec. Municipal de Finanças|XX.X76.304/0001-69|3.3.90.39.00 - Outros serv. de terc. pessoa jurídica|Concorrência|Realizado|18.500,00|
07/11/2019|030 - Secretaria de Turismo e Cultura|XXX.737.733-53|3.3.90.14.00 - Diárias - civil|Outros/não se aplica|Realizado|1.200,00|
07/11/2019|005 - Fundo Municipal de Assistência Social|XXX.330.123-05|3.3.90.14.00 - Diárias - civil|Outros/não se aplica|Realizado|140,00|
07/11/2019|018 - Gabinete do Prefeito|XX.X29.565/0001-01|3.3.90.39.00 - Outros serv. de terc. pessoa jurídica|Pregão|Realizado|4.800,00|
07/11/2019|042 - Casa Civil|XX.X29.565/0001-01|3.3.90.39.00 - Outros serv. de terc. pessoa jurídica|Pregão|Realizado|6.000,00|
07/11/2019|005 - Fundo Municipal de Assistência Social|XXX.195.693-31|3.3.90.14.00 - Diárias - civil|Outros/não se aplica|Realizado|140,00|
07/11/2019|032 - Secretaria de Desenv. Econômico, Trab. e Renda|XXX.804.203-00|3.3.90.14.00 - Diárias - civil|Outros/não se aplica|Realizado|1.200,00|
07/11/2019|034 - Secretaria de Esporte e Lazer|XX.X11.629/0001-19|3.3.90.39.00 - Outros serv. de terc. pessoa jurídica|Pregão|Realizado|1.158,00|
07/11/2019|034 - Secretaria de Esporte e Lazer|XX.X11.629/0001-19|3.3.90.39.00 - Outros serv. de terc. pessoa jurídica|Pregão|Realizado|14.694,00|
07/11/2019|003 - Fundo Municipal de Saúde|3.1.90.04.00 - Contratação por tempo determinado|Outros/não se aplica|Realizado|5.416,38|
07/11/2019|005 - Fundo Municipal de Assistência Social|3.1.90.04.00 - Contratação por tempo determinado|Outros/não se aplica|Realizado|1.996,00|
07/11/2019|005 - Fundo Municipal de Assistência Social|3.1.90.04.00 - Contratação por tempo determinado|Outros/não se aplica|Realizado|10.978,00|
07/11/2019|005 - Fundo Municipal de Assistência Social|3.1.90.11.00 - Vencimentos e vant. fixas pessoal civil|Outros/não se aplica|Realizado|11.308,34|
07/11/2019|005 - Fundo Municipal de Assistência Social|3.1.90.04.00 - Contratação por tempo determinado|Outros/não se aplica|Realizado|15.472,00|
07/11/2019|005 - Fundo Municipal de Assistência Social|3.1.90.04.00 - Contratação por tempo determinado|Outros/não se aplica|Realizado|17.359,99|
07/11/2019|005 - Fundo Municipal de Assistência Social|3.1.90.04.00 - Contratação por tempo determinado|Outros/não se aplica|Realizado|18.735,08|
07/11/2019|004 - Fundo Municipal de Educação|XX.X13.776/0001-97|3.3.90.39.00 - Outros serv. de terc. pessoa jurídica|Carona|Realizado|22.810,00|
07/11/2019|004 - Fundo Municipal de Educação|XX.X13.776/0001-97|3.3.90.39.00 - Outros serv. de terc. pessoa jurídica|Carona|Realizado|43.790,00|
07/11/2019|003 - Fundo Municipal de Saúde|XX.X47.574/0001-46|3.3.90.39.00 - Outros serv. de terc. pessoa jurídica|Inexigibilidade|Realizado|30.000,00|
07/11/2019|003 - Fundo Municipal de Saúde|XX.X43.942/0001-06|3.3.90.39.00 - Outros serv. de terc. pessoa jurídica|Pregão|Realizado|7.000,00|
07/11/2019|003 - Fundo Municipal de Saúde|XX.X43.942/0001-06|3.3.90.39.00 - Outros serv. de terc. pessoa jurídica|Pregão|Realizado|7.000,00|
07/11/2019|003 - Fundo Municipal de Saúde|XX.X43.942/0001-06|3.3.90.39.00 - Outros serv. de terc. pessoa jurídica|Pregão|Realizado|7.000,00|
07/11/2019|003 - Fundo Municipal de Saúde|XX.X44.002/0001-40|3.3.90.30.00 - Material de consumo|Pregão|Realizado|853,65|
07/11/2019|003 - Fundo Municipal de Saúde|XX.X44.002/0001-40|3.3.90.30.00 - Material de consumo|Pregão|Realizado|1.105,80|
07/11/2019|003 - Fundo Municipal de Saúde|XX.X44.002/0001-40|3.3.90.30.00 - Material de consumo|Pregão|Realizado|1.791,80|
07/11/2019|003 - Fundo Municipal de Saúde|XX.X44.002/0001-40|3.3.90.30.00 - Material de consumo|Pregão|Realizado|1.965,60|
07/11/2019|003 - Fundo Municipal de Saúde|XX.X44.002/0001-40|3.3.90.30.00 - Material de consumo|Pregão|Realizado|2.420,00|
07/11/2019|003 - Fundo Municipal de Saúde|XX.X44.002/0001-40|3.3.90.30.00 - Material de consumo|Pregão|Realizado|3.616,80|
07/11/2019|003 - Fundo Municipal de Saúde|XX.X44.002/0001-40|3.3.90.30.00 - Material de consumo|Pregão|Realizado|5.902,57|
07/11/2019|003 - Fundo Municipal de Saúde|XX.X44.002/0001-40|3.3.90.30.00 - Material de consumo|Pregão|Realizado|6.702,52|
07/11/2019|003 - Fundo Municipal de Saúde|XX.X20.175/0001-28|3.3.90.39.00 - Outros serv. de terc. pessoa jurídica|Pregão|Realizado|17.355,55|
07/11/2019|003 - Fundo Municipal de Saúde|XX.X20.175/0001-28|3.3.90.39.00 - Outros serv. de terc. pessoa jurídica|Pregão|Realizado|73.975,07|
07/11/2019|003 - Fundo Municipal de Saúde|XX.X20.175/0001-28|3.3.90.39.00 - Outros serv. de terc. pessoa jurídica|Pregão|Realizado|116.238,98|
07/11/2019|003 - Fundo Municipal de Saúde|XX.X20.175/0001-28|3.3.90.39.00 - Outros serv. de terc. pessoa jurídica|Pregão|Realizado|196.765,33|
07/11/2019|003 - Fundo Municipal de Saúde|XX.X20.175/0001-28|3.3.90.39.00 - Outros serv. de terc. pessoa jurídica|Pregão|Realizado|331.840,25|
07/11/2019|003 - Fundo Municipal de Saúde|XX.X20.175/0001-28|3.3.90.39.00 - Outros serv. de terc. pessoa jurídica|Pregão|Realizado|975.402,81|
07/11/2019|030 - Secretaria de Turismo e Cultura|XX.X29.144/0001-71|3.3.90.39.00 - Outros serv. de terc. pessoa jurídica|Inexigibilidade|Realizado|25.000,00|
08/11/2019|034 - Secretaria de Esporte e Lazer|XX.X29.252/0001-04|3.3.90.39.00 - Outros serv. de terc. pessoa jurídica|Outros/não se aplica|Realizado|94,76|
08/11/2019|034 - Secretaria de Esporte e Lazer|XX.X29.252/0001-04|3.3.90.39.00 - Outros serv. de terc. pessoa jurídica|Outros/não se aplica|Realizado|94,76|
08/11/2019|034 - Secretaria de Esporte e Lazer|XX.X29.252/0001-04|3.3.90.39.00 - Outros serv. de terc. pessoa jurídica|Outros/não se aplica|Realizado|94,76|
08/11/2019|027 - Sec. de Cidadania e Desenvolvimento Social|XX.X29.252/0001-04|3.3.90.39.00 - Outros serv. de terc. pessoa jurídica|Outros/não se aplica|Realizado|94,76|
08/11/2019|029 - Secretaria de Infraestrutura e Desenv. Urbano|XX.X29.252/0001-04|3.3.90.39.00 - Outros serv. de terc. pessoa jurídica|Outros/não se aplica|Realizado|94,76|
08/11/2019|034 - Secretaria de Esporte e Lazer|XX.X35.601/0001-50|3.3.90.39.00 - Outros serv. de terc. pessoa jurídica|Outros/não se aplica|Realizado|85,96|
08/11/2019|034 - Secretaria de Esporte e Lazer|XX.X35.601/0001-50|3.3.90.39.00 - Outros serv. de terc. pessoa jurídica|Outros/não se aplica|Realizado|85,96|
08/11/2019|034 - Secretaria de Esporte e Lazer|XX.X35.601/0001-50|3.3.90.39.00 - Outros serv. de terc. pessoa jurídica|Outros/não se aplica|Realizado|85,96|
08/11/2019|029 - Secretaria de Infraestrutura e Desenv. Urbano|XX.X35.601/0001-50|3.3.90.39.00 - Outros serv. de terc. pessoa jurídica|Outros/não se aplica|Realizado|85,96|
08/11/2019|008 - Fundo Municipal de Seguridade Social|3.1.90.03.00 - Pensões do RPPS e do militar|Outros/não se aplica|Realizado|1.833,72|
08/11/2019|008 - Fundo Municipal de Seguridade Social|3.1.90.01.00 - Aposentad. RPPS, reserva remun. e reform|Outros/não se aplica|Realizado|4.132,84|
08/11/2019|008 - Fundo Municipal de Seguridade Social|3.1.90.03.00 - Pensões do RPPS e do militar|Outros/não se aplica|Realizado|7.409,64|
08/11/2019|008 - Fundo Municipal de Seguridade Social|3.1.90.05.00 - Outros benefíc.previd.servidor ou milita|Outros/não se aplica|Realizado|8.923,40|
08/11/2019|008 - Fundo Municipal de Seguridade Social|3.1.90.11.00 - Vencimentos e vant. fixas pessoal civil|Outros/não se aplica|Realizado|21.000,00|
08/11/2019|008 - Fundo Municipal de Seguridade Social|3.1.90.03.00 - Pensões do RPPS e do militar|Outros/não se aplica|Realizado|53.708,09|
08/11/2019|008 - Fundo Municipal de Seguridade Social|3.1.90.05.00 - Outros benefíc.previd.servidor ou milita|Outros/não se aplica|Realizado|85.419,28|
08/11/2019|008 - Fundo Municipal de Seguridade Social|3.1.90.03.00 - Pensões do RPPS e do militar|Outros/não se aplica|Realizado|108.517,81|
08/11/2019|008 - Fundo Municipal de Seguridade Social|3.1.90.01.00 - Aposentad. RPPS, reserva remun. e reform|Outros/não se aplica|Realizado|309.206,84|
08/11/2019|008 - Fundo Municipal de Seguridade Social|3.1.90.01.00 - Aposentad. RPPS, reserva remun. e reform|Outros/não se aplica|Realizado|752.355,09|
08/11/2019|010 - FUNDEB|3.1.90.04.00 - Contratação por tempo determinado|Outros/não se aplica|Realizado|119,76|
08/11/2019|010 - FUNDEB|3.1.90.11.00 - Vencimentos e vant. fixas pessoal civil|Outros/não se aplica|Realizado|998,00|
08/11/2019|010 - FUNDEB|3.1.90.04.00 - Contratação por tempo determinado|Outros/não se aplica|Realizado|1.956,08|
08/11/2019|010 - FUNDEB|3.1.90.04.00 - Contratação por tempo determinado|Outros/não se aplica|Realizado|403,52|
08/11/2019|010 - FUNDEB|3.1.90.11.00 - Vencimentos e vant. fixas pessoal civil|Outros/não se aplica|Realizado|500,00|
08/11/2019|010 - FUNDEB|3.1.90.11.00 - Vencimentos e vant. fixas pessoal civil|Outros/não se aplica|Realizado|1.662,37|
08/11/2019|010 - FUNDEB|3.1.90.11.00 - Vencimentos e vant. fixas pessoal civil|Outros/não se aplica|Realizado|397,23|
08/11/2019|031 - Secretaria de Meio Ambiente e Controle Urbano|3.1.90.04.00 - Contratação por tempo determinado|Outros/não se aplica|Realizado|119,76|
08/11/2019|003 - Fundo Municipal de Saúde|XX.X84.756/0001-46|3.1.91.13.00 - Obrigações patronais|Outros/não se aplica|Realizado|96,33|
08/11/2019|004 - Fundo Municipal de Educação|XX.X84.756/0001-46|3.1.91.13.00 - Obrigações patronais|Outros/não se aplica|Realizado|278,24|
08/11/2019|003 - Fundo Municipal de Saúde|XX.X84.756/0001-46|3.1.91.13.00 - Obrigações patronais|Outros/não se aplica|Realizado|359,14|
08/11/2019|010 - FUNDEB|XX.X84.756/0001-46|3.1.91.13.00 - Obrigações patronais|Outros/não se aplica|Realizado|494,66|
08/11/2019|003 - Fundo Municipal de Saúde|XX.X84.756/0001-46|3.1.91.13.00 - Obrigações patronais|Outros/não se aplica|Realizado|963,28|
08/11/2019|010 - FUNDEB|XX.X84.756/0001-46|3.1.91.13.00 - Obrigações patronais|Outros/não se aplica|Realizado|991,81|
08/11/2019|020 - Sec. Municipal de Finanças|XX.X84.756/0001-46|4.6.91.71.00 - Principal da dívida contratual resgatado|Outros/não se aplica|Realizado|1.234,88|
08/11/2019|020 - Sec. Municipal de Finanças|XX.X84.756/0001-46|4.6.91.71.00 - Principal da dívida contratual resgatado|Outros/não se aplica|Realizado|1.240,34|
08/11/2019|020 - Sec. Municipal de Finanças|XX.X84.756/0001-46|4.6.91.71.00 - Principal da dívida contratual resgatado|Outros/não se aplica|Realizado|1.245,80|
08/11/2019|010 - FUNDEB|XX.X84.756/0001-46|3.1.91.13.00 - Obrigações patronais|Outros/não se aplica|Realizado|1.292,71|
08/11/2019|003 - Fundo Municipal de Saúde|XX.X84.756/0001-46|3.1.91.13.00 - Obrigações patronais|Outros/não se aplica|Realizado|1.333,52|
08/11/2019|020 - Sec. Municipal de Finanças|XX.X84.756/0001-46|4.6.91.71.00 - Principal da dívida contratual resgatado|Outros/não se aplica|Realizado|3.205,85|
08/11/2019|020 - Sec. Municipal de Finanças|XX.X84.756/0001-46|4.6.91.71.00 - Principal da dívida contratual resgatado|Outros/não se aplica|Realizado|3.248,79|
08/11/2019|003 - Fundo Municipal de Saúde|XX.X84.756/0001-46|3.1.91.13.00 - Obrigações patronais|Outros/não se aplica|Realizado|3.608,81|
08/11/2019|004 - Fundo Municipal de Educação|XX.X84.756/0001-46|3.1.91.13.00 - Obrigações patronais|Outros/não se aplica|Realizado|3.755,56|
08/11/2019|003 - Fundo Municipal de Saúde|XX.X84.756/0001-46|3.1.91.13.00 - Obrigações patronais|Outros/não se aplica|Realizado|5.009,04|
08/11/2019|010 - FUNDEB|XX.X84.756/0001-46|3.1.91.13.00 - Obrigações patronais|Outros/não se aplica|Realizado|6.347,74|
08/11/2019|010 - FUNDEB|XX.X84.756/0001-46|3.1.91.13.00 - Obrigações patronais|Outros/não se aplica|Realizado|6.462,85|
08/11/2019|003 - Fundo Municipal de Saúde|XX.X84.756/0001-46|3.1.91.13.00 - Obrigações patronais|Outros/não se aplica|Realizado|11.091,42|
08/11/2019|003 - Fundo Municipal de Saúde|XX.X84.756/0001-46|3.1.91.13.00 - Obrigações patronais|Outros/não se aplica|Realizado|12.935,31|
08/11/2019|003 - Fundo Municipal de Saúde|XX.X84.756/0001-46|3.1.91.13.00 - Obrigações patronais|Outros/não se aplica|Realizado|14.040,46|
08/11/2019|003 - Fundo Municipal de Saúde|XX.X84.756/0001-46|3.1.91.13.00 - Obrigações patronais|Outros/não se aplica|Realizado|14.321,96|
08/11/2019|003 - Fundo Municipal de Saúde|XX.X84.756/0001-46|3.1.91.13.00 - Obrigações patronais|Outros/não se aplica|Realizado|14.390,87|
08/11/2019|010 - FUNDEB|XX.X84.756/0001-46|3.1.91.13.00 - Obrigações patronais|Outros/não se aplica|Realizado|16.647,93|
08/11/2019|003 - Fundo Municipal de Saúde|XX.X84.756/0001-46|3.1.91.13.00 - Obrigações patronais|Outros/não se aplica|Realizado|17.047,49|
08/11/2019|003 - Fundo Municipal de Saúde|XX.X84.756/0001-46|3.1.91.13.00 - Obrigações patronais|Outros/não se aplica|Realizado|25.052,84|
08/11/2019|010 - FUNDEB|XX.X84.756/0001-46|3.1.91.13.00 - Obrigações patronais|Outros/não se aplica|Realizado|36.190,22|
08/11/2019|020 - Sec. Municipal de Finanças|XX.X84.756/0001-46|4.6.91.71.00 - Principal da dívida contratual resgatado|Outros/não se aplica|Realizado|97.270,16|
08/11/2019|010 - FUNDEB|XX.X84.756/0001-46|3.1.91.13.00 - Obrigações patronais|Outros/não se aplica|Realizado|179.715,02|
08/11/2019|020 - Sec. Municipal de Finanças|XX.X79.036/0001-40|4.6.90.71.00 - Principal da dívida contratual resgatado|Outros/não se aplica|Realizado|16.194,51|
08/11/2019|020 - Sec. Municipal de Finanças|XX.X79.036/0001-40|4.6.90.71.00 - Principal da dívida contratual resgatado|Outros/não se aplica|Realizado|74.949,99|
08/11/2019|003 - Fundo Municipal de Saúde|XX.X38.951/0001-54|3.3.90.39.00 - Outros serv. de terc. pessoa jurídica|Pregão|Realizado|10.550,00|
08/11/2019|003 - Fundo Municipal de Saúde|XX.X38.951/0001-54|3.3.90.39.00 - Outros serv. de terc. pessoa jurídica|Pregão|Realizado|10.550,00|
08/11/2019|020 - Sec. Municipal de Finanças|XX.X94.460/0409-50|3.3.90.47.00 - Obrigações tributárias e contributivas|Outros/não se aplica|Realizado|6,75|
08/11/2019|020 - Sec. Municipal de Finanças|XX.X94.460/0409-50|3.3.90.47.00 - Obrigações tributárias e contributivas|Outros/não se aplica|Realizado|19.803,37|
11/11/2019|020 - Sec. Municipal de Finanças|XX.X94.460/0409-50|3.3.90.47.00 - Obrigações tributárias e contributivas|Outros/não se aplica|Realizado|0,58|
12/11/2019|008 - Fundo Municipal de Seguridade Social|3.1.90.01.00 - Aposentad. RPPS, reserva remun. e reform|Outros/não se aplica|Realizado|6.400,12|
13/11/2019|003 - Fundo Municipal de Saúde|XX.X21.279/0001-75|3.3.90.30.00 - Material de consumo|Outros/não se aplica|Realizado|442,29|
13/11/2019|003 - Fundo Municipal de Saúde|XX.X21.279/0001-75|3.3.90.39.00 - Outros serv. de terc. pessoa jurídica|Outros/não se aplica|Realizado|585,71|
13/11/2019|043 - Procuradoria Geral do Município|XX.X36.464/0001-58|3.3.90.39.00 - Outros serv. de terc. pessoa jurídica|Outros/não se aplica|Realizado|250,00|
13/11/2019|003 - Fundo Municipal de Saúde|XX.X36.464/0001-58|3.3.90.39.00 - Outros serv. de terc. pessoa jurídica|Outros/não se aplica|Realizado|560,00|
13/11/2019|003 - Fundo Municipal de Saúde|XX.X36.464/0001-58|3.3.90.39.00 - Outros serv. de terc. pessoa jurídica|Outros/não se aplica|Realizado|560,00|
13/11/2019|003 - Fundo Municipal de Saúde|XX.X36.464/0001-58|3.3.90.39.00 - Outros serv. de terc. pessoa jurídica|Outros/não se aplica|Realizado|560,00|
13/11/2019|043 - Procuradoria Geral do Município|XX.X36.464/0001-58|3.3.90.30.00 - Material de consumo|Outros/não se aplica|Realizado|900,00|
13/11/2019|042 - Casa Civil|XX.X36.464/0001-58|3.3.90.39.00 - Outros serv. de terc. pessoa jurídica|Outros/não se aplica|Realizado|2.090,00|
13/11/2019|018 - Gabinete do Prefeito|XX.X36.464/0001-58|3.3.90.39.00 - Outros serv. de terc. pessoa jurídica|Outros/não se aplica|Realizado|2.150,00|
13/11/2019|003 - Fundo Municipal de Saúde|XX.X36.464/0001-58|3.3.90.39.00 - Outros serv. de terc. pessoa jurídica|Outros/não se aplica|Realizado|3.430,00|
13/11/2019|003 - Fundo Municipal de Saúde|XX.X36.464/0001-58|3.3.90.39.00 - Outros serv. de terc. pessoa jurídica|Outros/não se aplica|Realizado|4.310,00|
13/11/2019|004 - Fundo Municipal de Educação|XX.X87.975/0001-07|3.1.90.96.00 - Ressarcimento de desp. de pessoal requis|Outros/não se aplica|Realizado|14.998,49|
14/11/2019|003 - Fundo Municipal de Saúde|XX.X99.217/0001-72|3.3.50.41.00 - Contribuições|Outros/não se aplica|Realizado|36.846,39|
14/11/2019|003 - Fundo Municipal de Saúde|XX.X36.051/0001-01|3.3.90.39.00 - Outros serv. de terc. pessoa jurídica|Pregão|Realizado|2.150,00|
14/11/2019|003 - Fundo Municipal de Saúde|XX.X36.051/0001-01|3.3.90.39.00 - Outros serv. de terc. pessoa jurídica|Pregão|Realizado|3.850,00|
14/11/2019|029 - Secretaria de Infraestrutura e Desenv. Urbano|XX.X35.601/0001-50|3.3.90.39.00 - Outros serv. de terc. pessoa jurídica|Outros/não se aplica|Realizado|85,96|
14/11/2019|003 - Fundo Municipal de Saúde|XX.X93.818/0001-30|3.3.90.30.00 - Material de consumo|Pregão|Realizado|1.214,20|
14/11/2019|003 - Fundo Municipal de Saúde|XX.X93.818/0001-30|3.3.90.30.00 - Material de consumo|Pregão|Realizado|13.785,80|
14/11/2019|004 - Fundo Municipal de Educação|XX.X83.533/0001-13|3.3.90.39.00 - Outros serv. de terc. pessoa jurídica|Tomada de preço|Realizado|5.500,00|
14/11/2019|018 - Gabinete do Prefeito|XX.X83.533/0001-13|3.3.90.39.00 - Outros serv. de terc. pessoa jurídica|Tomada de preço|Realizado|5.500,00|
14/11/2019|003 - Fundo Municipal de Saúde|XX.X83.533/0001-13|3.3.90.39.00 - Outros serv. de terc. pessoa jurídica|Tomada de preço|Realizado|5.500,00|
14/11/2019|019 - Sec. de Planejamento e Administração|XX.X83.533/0001-13|3.3.90.39.00 - Outros serv. de terc. pessoa jurídica|Tomada de preço|Realizado|5.500,00|
14/11/2019|003 - Fundo Municipal de Saúde|XX.X37.814/0001-20|3.3.90.30.00 - Material de consumo|Pregão|Realizado|560,00|
14/11/2019|003 - Fundo Municipal de Saúde|XX.X37.814/0001-20|3.3.90.30.00 - Material de consumo|Pregão|Realizado|800,00|
14/11/2019|003 - Fundo Municipal de Saúde|XX.X37.814/0001-20|3.3.90.30.00 - Material de consumo|Pregão|Realizado|1.663,20|
14/11/2019|003 - Fundo Municipal de Saúde|XX.X37.814/0001-20|3.3.90.30.00 - Material de consumo|Pregão|Realizado|1.804,20|
14/11/2019|003 - Fundo Municipal de Saúde|XX.X37.814/0001-20|3.3.90.30.00 - Material de consumo|Pregão|Realizado|5.731,50|
14/11/2019|003 - Fundo Municipal de Saúde|XX.X76.534/0001-02|3.3.90.30.00 - Material de consumo|Pregão|Realizado|12.485,00|
14/11/2019|003 - Fundo Municipal de Saúde|XX.X76.534/0001-02|3.3.90.30.00 - Material de consumo|Pregão|Realizado|17.515,00|
14/11/2019|031 - Secretaria de Meio Ambiente e Controle Urbano|XXX.185.303-63|3.3.90.14.00 - Diárias - civil|Outros/não se aplica|Realizado|900,00|
14/11/2019|003 - Fundo Municipal de Saúde|XX.X85.574/0001-71|3.3.90.30.00 - Material de consumo|Pregão|Realizado|567,40|
14/11/2019|003 - Fundo Municipal de Saúde|XX.X85.574/0001-71|3.3.90.30.00 - Material de consumo|Pregão|Realizado|2.371,20|
14/11/2019|003 - Fundo Municipal de Saúde|XX.X85.574/0001-71|3.3.90.30.00 - Material de consumo|Pregão|Realizado|2.373,00|
14/11/2019|003 - Fundo Municipal de Saúde|XX.X85.574/0001-71|3.3.90.30.00 - Material de consumo|Pregão|Realizado|14.892,90|
14/11/2019|029 - Secretaria de Infraestrutura e Desenv. Urbano|XX.X43.630/0001-90|3.3.90.39.00 - Outros serv. de terc. pessoa jurídica|Carona|Realizado|9.000,00|
14/11/2019|035 - Secretaria de Segurança Cidadã e Ord. Pública|XX.X43.630/0001-90|3.3.90.39.00 - Outros serv. de terc. pessoa jurídica|Pregão|Realizado|13.000,00|
14/11/2019|035 - Secretaria de Segurança Cidadã e Ord. Pública|XX.X43.630/0001-90|3.3.90.39.00 - Outros serv. de terc. pessoa jurídica|Pregão|Realizado|27.000,00|
14/11/2019|003 - Fundo Municipal de Saúde|XX.X26.998/0007-00|3.3.50.43.00 - Subvenções sociais|Outros/não se aplica|Realizado|156.000,00|
19/11/2019|019 - Sec. de Planejamento e Administração|XX.X88.268/0001-04|3.3.90.39.00 - Outros serv. de terc. pessoa jurídica|Pregão|Realizado|1.100,00|
19/11/2019|018 - Gabinete do Prefeito|XX.X88.268/0001-04|3.3.90.39.00 - Outros serv. de terc. pessoa jurídica|Pregão|Realizado|2.200,00|
19/11/2019|031 - Secretaria de Meio Ambiente e Controle Urbano|XX.X59.166/0001-02|3.3.90.39.00 - Outros serv. de terc. pessoa jurídica|Outros/não se aplica|Realizado|1.427,17|
19/11/2019|004 - Fundo Municipal de Educação|XX.X54.597/0001-52|3.1.90.96.00 - Ressarcimento de desp. de pessoal requis|Outros/não se aplica|Realizado|1.913,80|
20/11/2019|003 - Fundo Municipal de Saúde|XX.X36.051/0001-01|3.3.90.39.00 - Outros serv. de terc. pessoa jurídica|Pregão|Realizado|3.850,00|
20/11/2019|029 - Secretaria de Infraestrutura e Desenv. Urbano|XX.X35.601/0001-50|3.3.90.39.00 - Outros serv. de terc. pessoa jurídica|Outros/não se aplica|Realizado|85,96|
20/11/2019|029 - Secretaria de Infraestrutura e Desenv. Urbano|XX.X35.601/0001-50|3.3.90.39.00 - Outros serv. de terc. pessoa jurídica|Outros/não se aplica|Realizado|85,96|
20/11/2019|029 - Secretaria de Infraestrutura e Desenv. Urbano|XX.X35.601/0001-50|3.3.90.39.00 - Outros serv. de terc. pessoa jurídica|Outros/não se aplica|Realizado|85,96|
20/11/2019|029 - Secretaria de Infraestrutura e Desenv. Urbano|XX.X35.601/0001-50|3.3.90.39.00 - Outros serv. de terc. pessoa jurídica|Outros/não se aplica|Realizado|85,96|
20/11/2019|027 - Sec. de Cidadania e Desenvolvimento Social|XX.X83.533/0001-13|3.3.90.39.00 - Outros serv. de terc. pessoa jurídica|Tomada de preço|Realizado|5.500,00|
20/11/2019|010 - FUNDEB|XX.X84.756/0001-46|3.1.91.13.00 - Obrigações patronais|Outros/não se aplica|Realizado|3.956,60|
20/11/2019|004 - Fundo Municipal de Educação|XX.X79.036/0001-40|3.1.90.13.00 - Obrigações patronais|Outros/não se aplica|Realizado|278,24|
20/11/2019|003 - Fundo Municipal de Saúde|XX.X79.036/0001-40|3.1.90.13.00 - Obrigações patronais|Outros/não se aplica|Realizado|330,00|
20/11/2019|003 - Fundo Municipal de Saúde|XX.X79.036/0001-40|3.1.90.13.00 - Obrigações patronais|Outros/não se aplica|Realizado|528,00|
20/11/2019|010 - FUNDEB|XX.X79.036/0001-40|3.1.90.13.00 - Obrigações patronais|Outros/não se aplica|Realizado|591,83|
20/11/2019|003 - Fundo Municipal de Saúde|XX.X79.036/0001-40|3.1.90.13.00 - Obrigações patronais|Outros/não se aplica|Realizado|1.041,36|
20/11/2019|003 - Fundo Municipal de Saúde|XX.X79.036/0001-40|3.1.90.13.00 - Obrigações patronais|Outros/não se aplica|Realizado|1.191,59|
20/11/2019|003 - Fundo Municipal de Saúde|XX.X79.036/0001-40|3.1.90.13.00 - Obrigações patronais|Outros/não se aplica|Realizado|1.480,49|
20/11/2019|004 - Fundo Municipal de Educação|XX.X79.036/0001-40|3.1.90.13.00 - Obrigações patronais|Outros/não se aplica|Realizado|1.568,07|
20/11/2019|004 - Fundo Municipal de Educação|XX.X79.036/0001-40|3.1.90.13.00 - Obrigações patronais|Outros/não se aplica|Realizado|1.921,76|
20/11/2019|003 - Fundo Municipal de Saúde|XX.X79.036/0001-40|3.1.90.13.00 - Obrigações patronais|Outros/não se aplica|Realizado|2.200,00|
20/11/2019|004 - Fundo Municipal de Educação|XX.X79.036/0001-40|3.1.90.13.00 - Obrigações patronais|Outros/não se aplica|Realizado|2.844,20|
20/11/2019|003 - Fundo Municipal de Saúde|XX.X79.036/0001-40|3.1.90.13.00 - Obrigações patronais|Outros/não se aplica|Realizado|3.935,43|
20/11/2019|008 - Fundo Municipal de Seguridade Social|XX.X79.036/0001-40|3.1.90.13.00 - Obrigações patronais|Outros/não se aplica|Realizado|4.410,00|
20/11/2019|010 - FUNDEB|XX.X79.036/0001-40|3.1.90.13.00 - Obrigações patronais|Outros/não se aplica|Realizado|4.924,79|
20/11/2019|003 - Fundo Municipal de Saúde|XX.X79.036/0001-40|3.1.90.13.00 - Obrigações patronais|Outros/não se aplica|Realizado|6.887,58|
20/11/2019|020 - Sec. Municipal de Finanças|XX.X79.036/0001-40|3.1.90.13.00 - Obrigações patronais|Outros/não se aplica|Realizado|8.763,85|
20/11/2019|003 - Fundo Municipal de Saúde|XX.X79.036/0001-40|3.1.90.13.00 - Obrigações patronais|Outros/não se aplica|Realizado|9.004,26|
20/11/2019|010 - FUNDEB|XX.X79.036/0001-40|3.1.90.13.00 - Obrigações patronais|Outros/não se aplica|Realizado|10.131,00|
20/11/2019|003 - Fundo Municipal de Saúde|XX.X79.036/0001-40|3.1.90.13.00 - Obrigações patronais|Outros/não se aplica|Realizado|10.995,50|
20/11/2019|010 - FUNDEB|XX.X79.036/0001-40|3.1.90.13.00 - Obrigações patronais|Outros/não se aplica|Realizado|51.230,39|
20/11/2019|010 - FUNDEB|XX.X79.036/0001-40|3.1.90.13.00 - Obrigações patronais|Outros/não se aplica|Realizado|59.359,32|
20/11/2019|010 - FUNDEB|XX.X79.036/0001-40|3.1.90.13.00 - Obrigações patronais|Outros/não se aplica|Realizado|149.537,07|
20/11/2019|003 - Fundo Municipal de Saúde|XX.X64.529/0001-10|3.3.90.30.00 - Material de consumo|Pregão|Realizado|3.000,00|
20/11/2019|003 - Fundo Municipal de Saúde|XX.X64.529/0001-10|3.3.90.30.00 - Material de consumo|Pregão|Realizado|6.125,00|
20/11/2019|003 - Fundo Municipal de Saúde|XX.X64.529/0001-10|3.3.90.30.00 - Material de consumo|Pregão|Realizado|10.365,00|
20/11/2019|003 - Fundo Municipal de Saúde|XX.X64.529/0001-10|3.3.90.30.00 - Material de consumo|Pregão|Realizado|18.025,00|
20/11/2019|030 - Secretaria de Turismo e Cultura|XX.X06.992/0001-00|3.3.90.39.00 - Outros serv. de terc. pessoa jurídica|Dispensa|Realizado|4.600,00|
20/11/2019|030 - Secretaria de Turismo e Cultura|XX.X06.992/0001-00|3.3.90.39.00 - Outros serv. de terc. pessoa jurídica|Dispensa|Realizado|4.600,00|
20/11/2019|034 - Secretaria de Esporte e Lazer|XX.X06.992/0001-00|3.3.90.39.00 - Outros serv. de terc. pessoa jurídica|Dispensa|Realizado|7.600,00|
20/11/2019|042 - Casa Civil|XX.X06.992/0001-00|3.3.90.39.00 - Outros serv. de terc. pessoa jurídica|Dispensa|Realizado|7.600,00|
20/11/2019|033 - Secretaria de Desenv. Agrário e Rec.  Hídricos|XX.X06.992/0001-00|3.3.90.39.00 - Outros serv. de terc. pessoa jurídica|Dispensa|Realizado|9.500,00|
20/11/2019|020 - Sec. Municipal de Finanças|XX.X94.460/0409-50|3.3.90.47.00 - Obrigações tributárias e contributivas|Outros/não se aplica|Realizado|0,34|
20/11/2019|020 - Sec. Municipal de Finanças|XX.X94.460/0409-50|3.3.90.47.00 - Obrigações tributárias e contributivas|Outros/não se aplica|Realizado|4.090,35|
21/11/2019|017 - Fundo Municipal de Turismo|XXX.496.773-90|3.3.90.31.00 - Premiações cult.art.cient.desp.e outras|Outros/não se aplica|Realizado|1.000,00|
